cbsa1_name,cbsa2_name,cbsa1,cbsa2,raceDistance,incomeDistance,geographicDistance,scenesDistance,populationDistance,employmentDistance,bachelorDistance,frequencyDistance,frequencyCosine,categoriesJaccard,votingDistance
Los Angeles,Riverside,31080,40140,0.007262300793129343,8064.0,194057.45756134283,0.07714861755977608,8601159.0,0.036276995043700966,,17324.257704155752,0.9687331830696903,0.7633279483037156,0.1350804243162993
New York,Philadelphia,35620,37980,0.026150566450019272,8055.0,157752.5120183449,0.06497473120108305,13895419.0,0.009808700415863014,1.907131890829163,25341.53203734928,0.967715940603297,0.7969649398220827,0.005313127091684411
Miami,New York,33100,35620,0.038331465474987336,24525.0,1736398.6518866136,0.13608443933011916,14002137.0,0.013701648052443338,24.652530094379216,24417.646979182904,0.9485889030429812,0.8191019984427719,0.05645404817427602
Los Angeles,New York,31080,35620,0.037552137928469585,4505.0,3935093.213288166,0.06841745310216117,6939472.0,0.00153556696591306,,15722.72403243153,0.9462365957607094,0.8460172501268391,0.03097689451267016
New York,Washington,35620,47900,0.008109218309369845,26193.0,378772.7707637701,0.07047817092959015,13755308.0,0.06322289449360141,33.46601941747573,25995.747594558616,0.9576304278114213,0.7759477124183006,0.1564026743300082
Los Angeles,San Diego,31080,41740,0.018263727312659586,7869.0,177511.71337067158,0.04261519405186946,9902364.0,0.01221298059006981,,18178.0560291798,0.9866786549058866,0.7870845717373682,0.06255652803648071
Miami,Orlando,33100,36740,0.021723266391263235,2466.0,273066.13273469044,0.03624345697507125,3464957.0,0.013583899400450461,38.43769844802516,7461.511844123816,0.9775604909894228,0.7921219091431857,0.041295153489255054
Las Vegas,Los Angeles,29820,31080,0.018479910534014977,19194.0,370600.4038061851,0.1033173691159885,10935537.0,0.011936163691672719,,19977.429163933983,0.9657289972778267,0.7248908296943232,NaN
Dallas,Houston,19100,26420,0.008572342080221838,5337.0,371986.58995326125,0.021629121377028448,515147.0,0.027340003761494813,13.702858481724462,2649.166661423928,0.9917500165661444,0.823237885462555,0.00016722441639654972
Chicago,New York,16980,35620,0.0038762268727545847,8523.0,1175024.6527918614,0.1093269788696802,10521968.0,0.020125254177895457,18.3084070767648,18717.09237568699,0.9585422037623996,0.8349388180161417,0.01832855145777257
Los Angeles,San Francisco,31080,41860,0.036635950208799374,40210.0,548181.2811510009,0.07346437468880192,8451990.0,0.021238570957146208,,15721.450410187987,0.9737833589753854,0.7937399678972713,0.12371774172481309
Orlando,Tampa,36740,45300,0.020439996239662275,4354.0,121072.8008518645,0.040145732935706245,501899.0,0.04157950710933689,9.540328188012793,1726.9493333621574,0.986360992824497,0.8084781945715157,0.06029923349630234
New York,Orlando,35620,36740,0.005232514354930172,22059.0,1528383.463767287,0.14816722658301462,17467094.0,0.00011774865199287721,13.785168353645943,31049.079551574472,0.9327510418097628,0.7461660497091486,0.09774920166353107
Atlanta,New York,12060,35620,0.028398478754585496,10985.0,1214365.7955332298,0.12500357860922057,14050655.0,0.02476954747482185,45.40986777226829,25043.316174181087,0.9169147100348368,0.8041372086933752,0.08076948491409464
Dallas,New York,19100,35620,0.0017522570430884526,10212.0,2228290.6301190387,0.1586583917293024,12503083.0,0.043136286234852106,14.332857905448236,22725.357400929915,0.9118615593302749,0.8082901554404145,0.14039765843807583
Boston,New York,14460,35620,0.0404017058872015,13507.0,304255.00420280686,0.06684484833972237,15198838.0,0.041257825338407716,12.02249324667683,27527.02661022436,0.9692749164984829,0.7700605103920021,0.023258464091819753
Houston,New York,26420,35620,0.014326107888266684,15549.0,2290837.778246727,0.14802620308301856,13018230.0,0.015796282473357293,28.035716387172698,24071.726174082323,0.9093576116569979,0.8149392607909021,0.14056488285447238
Riverside,San Diego,40140,41740,0.02826105820004956,15933.0,178199.3784135459,0.06668920090788506,1301205.0,0.04848997563377078,,2135.919942319936,0.9669804939405603,0.7708456534594914,0.07252389627981859
Chicago,Los Angeles,16980,31080,0.059851240083961574,4018.0,2770669.2421343294,0.08793098944729455,3582496.0,0.018589687211982397,,7100.023943621599,0.9721683248026157,0.8382742191635786,0.012648343054897593
Los Angeles,Phoenix,31080,38060,0.04793065036256318,9170.0,575701.2772537192,0.1185140511024698,8355166.0,0.01146908517738765,,15558.38683797263,0.9564734941905989,0.7971130713712911,0.1686283951766504
Los Angeles,Miami,31080,33100,0.018781403509683763,20020.0,3732704.1847882695,0.12164683151473457,7062665.0,0.015237215018356398,,12468.51799533529,0.952797329807871,0.8240887480190174,0.08743094268694618
Dallas,Los Angeles,19100,31080,0.03258928978905387,5707.0,1970454.393856405,0.12841513649861616,5563611.0,0.041600719268939046,,9955.948975361414,0.957055654681842,0.8173890063424947,0.171374552950746
New York,San Francisco,35620,41860,0.018631527255334027,35705.0,4124002.234446611,0.05980917825360592,15391462.0,0.022774137923059268,2.176275827732141,28171.955203712787,0.9493283861088935,0.7840670859538784,0.15469463623748325
Miami,Tampa,33100,45300,0.08360263654454225,1888.0,304003.8982469836,0.04901254252917097,2963058.0,0.027995607708886427,47.97802663603795,6364.528183612671,0.9733493422046103,0.8048433048433048,0.1015943869855574
Atlanta,Miami,12060,33100,0.08379216808026253,13540.0,927294.256727447,0.050749495285281485,48518.0,0.03847119552726519,70.0623978666475,3661.89855129822,0.9636924193837001,0.81133648235621,0.02431543673981862
Austin,Houston,12420,26420,0.01929277943750936,14878.0,229411.8797169587,0.04551563759967845,4838869.0,0.047884641420006036,8.304040404040407,9965.561298792958,0.9742734400983788,0.7735794635131238,0.11599492492609847
Austin,San Antonio,12420,41700,0.04398903825376288,22029.0,129873.20613737928,0.04982405951404157,274772.0,0.061318002692316353,13.937487116058545,1253.7388085243274,0.9737397237936455,0.7866028708133971,0.10543444102469157
Austin,Dallas,12420,19100,0.006556887580953314,9541.0,295389.19393641275,0.05546104176216279,5354016.0,0.020544637658511222,22.00689888576487,11614.456939521537,0.9787898739490754,0.7820250948351327,0.11582770050970193
Houston,San Antonio,26420,41700,0.02307466281686563,7151.0,321072.1577799314,0.02784680971747213,4564097.0,0.013433361272310318,22.241527520098952,9653.921431211256,0.98658215147556,0.7640611479665417,0.010560483901406903
New York,Tampa,35620,45300,0.017728526931695795,26413.0,1610138.098419071,0.13412928196661494,16965195.0,0.041697255761329766,23.325496541658737,29989.155756706456,0.9227351305125675,0.7665964172813488,0.1580484351598334
Chicago,Miami,16980,33100,0.053241976635093106,16002.0,1863625.854002316,0.080405375185498,3480169.0,0.033826902230338796,42.96093717114402,7811.8967607105515,0.9611542075441186,0.8253143794423182,0.07478259963204859
Las Vegas,Riverside,29820,40140,0.028552917720456608,11130.0,211782.17214762373,0.06240457704229723,2334378.0,0.024340831352028247,,3294.8051535713003,0.959826916006228,0.7615218063717909,NaN
Las Vegas,New York,29820,35620,0.004154950024944258,23699.0,3579666.181056052,0.13093653911828743,17875009.0,0.010400596725759659,,32373.57877961595,0.9303732005380556,0.6978588421887391,NaN
Philadelphia,Washington,37980,47900,0.017926415740324594,34248.0,221391.3546649406,0.0469084332932425,140111.0,0.0534141940777384,35.37315130830489,2875.1937326030747,0.9717277697295561,0.8007454128440367,0.16171580142169262
Chicago,Dallas,16980,19100,0.004951380769478346,1689.0,1274076.4076207443,0.07277775750831031,1981115.0,0.02301103205695665,3.9755491713165654,5786.5668578182,0.9648761475821103,0.8243688254665203,0.1587262098958484
Atlanta,Orlando,12060,36740,0.04037773033443176,11074.0,655391.0055818639,0.038877637051337524,3416439.0,0.02488729612681473,31.62469941862235,7433.530520553474,0.9816543154145464,0.7898126463700235,0.016979716749436435
Houston,Los Angeles,26420,31080,0.01316179714632918,11044.0,2209280.4969246048,0.11312813815076117,6078758.0,0.014260715507444233,,11324.236044872961,0.9532512908682119,0.8183968462549277,0.17154177736714254
Dallas,San Antonio,19100,41700,0.04787391434599724,12488.0,409846.4467158672,0.031052545209805417,5079244.0,0.04077336503380513,35.94438600182342,11360.798871558285,0.9841627248443308,0.7698135198135199,0.010393259485010353
Atlanta,Los Angeles,12060,31080,0.11435956426593583,6480.0,3102408.1857746607,0.11440768578212851,7111183.0,0.02323398050890879,,12485.928639872967,0.9515585397552879,0.8021773765268189,0.1117463794267648
Atlanta,Chicago,12060,16980,0.025047740157541215,2462.0,940635.9411354497,0.058518914050293344,3528687.0,0.004644293296926394,27.10146069550349,7600.993487696197,0.9667489687471208,0.8221728257849402,0.0990980363718672
New York,Phoenix,35620,38060,0.014308201721756914,13675.0,3464656.0536037376,0.13892901678814573,15294638.0,0.00993351821147459,25.06191892549151,28204.79700334679,0.9140300827629418,0.7841087297438578,0.13765150066398024
Los Angeles,Washington,31080,47900,0.07063880897033994,30698.0,3636664.7277953066,0.06825491474820893,6815836.0,0.06168732752768835,,13718.6539427161,0.9699534843977942,0.7902060476317903,0.12542577981733805
Dallas,Miami,19100,33100,0.02670964888799107,14313.0,1773634.9145147759,0.08079077478941017,1499054.0,0.056837934287295444,38.98538799982745,5514.084239472589,0.9549126451798284,0.8111811455193204,0.08394361026379982
Miami,Washington,33100,47900,0.05802217847758757,50718.0,1438945.4805683347,0.08990693106908101,246829.0,0.07692454254604475,58.118549511854944,3737.265711720268,0.9677948707271827,0.7848804891606448,0.21285672250428422
Atlanta,Dallas,12060,19100,0.03299797991323733,773.0,1174119.339476716,0.05354944017821227,1547572.0,0.018366738760030255,31.077009866820056,3955.611457158046,0.9871396353449304,0.8189461883408071,0.0596281735239812
Los Angeles,Seattle,31080,42660,0.10798675319157988,18101.0,1517057.8358487254,0.06384454034584129,9182236.0,0.03631514887133447,,17086.799349205223,0.9523421581723691,0.7921558164354322,0.0034800638709265863
Denver,New York,19740,35620,0.024302017311776808,3310.0,2628837.060237939,0.11494340395296751,17176649.0,0.06851054289927871,33.151308058071635,30558.53075656616,0.9242976273540393,0.7528237457315472,0.02555240991295682
New York,Seattle,35620,42660,0.02746932242866868,13596.0,3862959.7703397786,0.066220738225953,16121708.0,0.03785071583724753,48.79350439204808,29491.152893706952,0.9262339479188317,0.7811439018020371,0.03445695838359675
Los Angeles,Orlando,31080,36740,0.0311830040863117,17554.0,3549009.9501443407,0.13333710535911317,10527622.0,0.0016533156179059372,,18751.17542982306,0.9495959630696053,0.7613112977512869,0.12872609617620123
Chicago,Washington,16980,47900,0.009504617456231781,34716.0,932925.556634399,0.053193228808825904,3233340.0,0.043097640315705954,15.157612340710926,8793.855354734918,0.9808564657830178,0.8082843548838511,0.13807412287223564
Portland,Seattle,38900,42660,0.009876528164874849,16755.0,215967.33453392916,0.020134046408286553,1505903.0,0.019284001355441616,81.55745891276865,2624.338964387032,0.9874715082873285,0.7845884413309983,0.036492429321268505
Houston,Miami,26420,33100,0.006260487952768951,8976.0,1534056.4901636045,0.08011808713922407,983907.0,0.02949793052580063,52.688246481551914,4622.92234414553,0.9528545229890496,0.8142389525368249,0.08411083468019637
Chicago,Orlando,16980,36740,0.007564363001121123,13536.0,1590573.2156555334,0.06988828631871252,6945126.0,0.020243002829888335,4.523238723118858,13836.116507170645,0.9662601147775184,0.7848605577689243,0.11607775312130364
New York,San Diego,35620,41740,0.010171352258565653,3364.0,3868124.750621512,0.06554742268352327,16841836.0,0.01374854755598287,,30745.15792771278,0.9408549803808094,0.7579167757131641,0.031579633523810546
Chicago,Houston,16980,26420,0.026502538937919633,7026.0,1487799.0006320719,0.06557681997177271,2496262.0,0.004328971704538165,9.727309310407897,6901.454049691268,0.960055030916411,0.82239171887769,0.15889343431224495
Atlanta,Washington,12060,47900,0.00670605479295799,37178.0,836675.427384368,0.06697980879840566,295347.0,0.03845334701877956,11.943848354792564,3649.458589982903,0.9701400770096091,0.7988013698630136,0.23717215924410284
Denver,Los Angeles,19740,31080,0.08807745150150546,7815.0,1318363.1065738772,0.09723375210678602,10237177.0,0.06697497593336565,,18133.671470499292,0.9549931098648013,0.7694586587664961,0.05652930442562698
New York,Riverside,35620,40140,0.05380334672187187,12569.0,3743849.179386522,0.1148674059213785,15540631.0,0.034741428077787906,43.95461550315919,30130.969549617883,0.9020019638542315,0.7468487394957983,0.10410352980362914
Atlanta,Tampa,12060,45300,0.04223659080892207,15428.0,647452.2482574729,0.05042145076161308,2914540.0,0.06646680323615162,22.084371230609555,6312.307977277408,0.9776992663827166,0.798090830199595,0.07727895024573878
Las Vegas,Phoenix,29820,38060,0.013056266661192754,10024.0,430504.99507332395,0.04256134940430994,2580371.0,0.00046707851428506864,,5172.749848968148,0.9721913318007133,0.7577118897873615,NaN
Miami,Philadelphia,33100,37980,0.11288636512005967,16470.0,1603535.734131105,0.10095328439302663,106718.0,0.023510348468306352,22.745398203550053,4031.8256410713,0.9569039967215588,0.8022191400832177,0.051140921082591606
Las Vegas,San Diego,29820,41740,0.0036785502358433813,27063.0,388888.5988225042,0.08704583503807556,1033173.0,0.02414914428174253,,2245.510855017183,0.967724630346919,0.7534246575342466,NaN
Orlando,Washington,36740,47900,0.01896382076846298,48252.0,1207005.9149404077,0.09112866840904206,3711786.0,0.06334064314559429,19.680851063829785,5596.502300544511,0.9745623961390147,0.7723122238586156,0.2541518759935393
Atlanta,Houston,12060,26420,0.05690766167173082,4564.0,1126515.5039307112,0.05652270278406252,1032425.0,0.008973265001464559,17.374151385095594,3101.9793680809676,0.9815140323334598,0.8189919242550822,0.05979539794037775
Las Vegas,San Francisco,29820,41860,0.021427371036982504,59404.0,665884.0731090851,0.16355443524471158,2483547.0,0.033174734648818927,,5030.320168736777,0.9393012789189885,0.7434445768772348,NaN
Los Angeles,Philadelphia,31080,37980,0.12500811167931325,3550.0,3814297.552955178,0.09350022182429057,6955947.0,0.008273133449949954,,13787.977915561078,0.9457581201483664,0.8054443554843875,0.03629002160435457
Detroit,New York,19820,35620,0.04624825734251112,21154.0,808313.8914111588,0.13343236337504036,15748429.0,0.022080862956994962,5.355387233567683,28696.449135738032,0.9324216422515874,0.760548523206751,0.10417118009309223
Charlotte,New York,16740,35620,0.02653311380115341,17433.0,868790.5226395583,0.12202224691207661,17480141.0,0.024543938760146822,44.04496678589678,31821.523266493703,0.9103696551736441,0.707414297103375,0.1558208299395476
Chicago,Detroit,16980,19820,0.0272888623474313,12631.0,396197.1914840886,0.05457676867447901,5226461.0,0.04220611713489042,12.953019843197119,11306.00831416641,0.9742697063907134,0.8012492901760363,0.1224997315508648
Dallas,Washington,19100,47900,0.01255082133243361,36405.0,1869673.808761689,0.09703576794128056,1252225.0,0.020086608258749306,19.133161512027492,6318.693219329452,0.964179394762661,0.7907563025210084,0.29680033276808404
Dallas,Orlando,19100,36740,0.0009773659006599659,11847.0,1579311.8319222226,0.060420925115476184,4964011.0,0.04325403488684498,0.5476895518022928,10599.496969196227,0.9751289557176499,0.7822464808962941,0.04264845677454476
Chicago,Las Vegas,16980,29820,0.012148135396970365,15176.0,2410903.833851747,0.059644192458414076,7353041.0,0.030525850903655116,,15184.705002073633,0.9666683035158554,0.7353276353276353,NaN
Chicago,Phoenix,16980,38060,0.010130357506873976,5152.0,2325702.33392404,0.06152047884358039,4772670.0,0.030058772389370048,43.37032600225631,10744.378297509818,0.9638125155434519,0.8119419642857143,0.1559800521217528
Phoenix,Riverside,38060,40140,0.051939005262316276,1106.0,404585.42825794325,0.06776722878217956,245993.0,0.024807909866313316,18.892696577667678,3046.2485125150247,0.9683710520504453,0.7903699354081033,0.033547970860351106
Dallas,Phoenix,19100,38060,0.011092517955793496,3463.0,1409458.958379355,0.056740986625818716,2791555.0,0.053069804446326696,39.39477683093975,7307.690538056466,0.9818272548251636,0.806070826306914,0.0027461577740955923
Dallas,Denver,19100,19740,0.025024734002439663,13522.0,1018794.7947140161,0.06962762393013806,4673566.0,0.02537425666442661,18.8184501526234,10127.198082391793,0.9657203793587701,0.7821022727272727,0.11484524852511901
Austin,New York,12420,35620,0.009434373351957886,671.0,2439562.348470976,0.11694606248659128,17857099.0,0.06368092389336333,36.339756791213105,32127.799815735903,0.92026515797699,0.727369259357579,0.02456995792837391
San Diego,San Francisco,41740,41860,0.02211772265414999,32341.0,724717.4515563532,0.0800464867002504,1450374.0,0.009025590367076397,,3251.829331314914,0.9748230435207123,0.783744557329463,0.1862742697612938
Las Vegas,Miami,29820,33100,0.02166637746889095,826.0,3464662.185385913,0.035134767288177,3872872.0,0.0033010513266836794,,8927.45389234803,0.9624456036572051,0.7410817031070196,NaN
Chicago,Denver,16980,19740,0.012090951631821905,11833.0,1457287.3464426363,0.050392093433027745,6654681.0,0.04838528872138326,14.842900981306833,13224.124356644565,0.9695685221215873,0.7937765205091938,0.04388096137072939
Dallas,Las Vegas,19100,29820,0.002333483703414632,13487.0,1691248.9708385943,0.05944476666541549,5371926.0,0.053536882960611765,,12003.481494966367,0.9693354972967025,0.7402484830973707,NaN
Chicago,San Francisco,16980,41860,0.03451108032739268,44228.0,2949166.5217190688,0.13838481510409784,4869494.0,0.0026488837451638103,16.13213124903266,11286.53449912771,0.9558172837628893,0.7968923418423973,0.13636608477971068
Chicago,Philadelphia,16980,37980,0.012625132859670572,468.0,1070900.6180072774,0.07575276706011891,3373451.0,0.010316553762032443,20.215538967593965,8502.57602141845,0.9747732343223328,0.8211200891613263,0.02364167854945698
Phoenix,San Diego,38060,41740,0.008343425472582345,17039.0,439721.1167561904,0.09513496871582915,1547198.0,0.02368206576745746,,3831.250187601953,0.9658278259113106,0.790008713331397,0.1060718671401697
Boston,Los Angeles,14460,31080,0.13553776653074046,18012.0,4156016.26985795,0.07213245157707404,8259366.0,0.039722258372494657,,15817.917720104628,0.9422607541111324,0.7837910608508347,0.007718430420850408
Chicago,Tampa,16980,45300,0.005773686301954428,17890.0,1588028.577080809,0.07574352697004867,6443227.0,0.06182250993922522,5.017089464893935,12748.699933718732,0.9582841712190597,0.8026018099547512,0.17637698661760598
Atlanta,Charlotte,12060,16740,0.017034788705587216,6448.0,366015.0527040316,0.03847788992979361,3429486.0,0.00022560871467502963,1.3649009863715094,8002.96057718642,0.9899950459100334,0.7679475722371165,0.07505134502545296
Los Angeles,Portland,31080,38900,0.14635159300050055,1346.0,1327111.6397727067,0.07401080463295397,10688139.0,0.017031147515892853,,19299.847434630152,0.9466400003257642,0.7659231389411448,0.03301236545034192
Boston,Miami,14460,33100,0.14298826609174928,38032.0,2015205.4873083732,0.09514536598583533,1196701.0,0.054959473390851055,36.67502334105605,5517.712207065533,0.9393323736950308,0.7791771620486986,0.07971251226609577
Riverside,San Francisco,40140,41860,0.0709215832365442,48274.0,656777.1570920658,0.1349206657287912,149169.0,0.057515566000847174,46.13089133089133,3746.7895590758762,0.9218189341162869,0.7623188405797101,0.2587981660411124
Los Angeles,Tampa,31080,45300,0.08901419041267855,21908.0,3454269.6951638088,0.13153676428978484,10025723.0,0.043232822727242826,,17750.66488895557,0.934623932602844,0.7812247100080928,0.18902532967250357
Houston,Orlando,26420,36740,0.007305459551448065,6510.0,1380038.392058771,0.06652828698710614,4448864.0,0.01591403112535017,14.250548033526755,8987.659650876862,0.9691874827975877,0.7794871794871795,0.04281568119094131
Boston,Washington,14460,47900,0.046110085960125335,12686.0,681101.0541416642,0.04357837671176049,1443530.0,0.021965069155193695,21.443526170798897,3394.3371959780306,0.9642050722136464,0.7893356643356644,0.13314421023818845
Atlanta,Philadelphia,12060,37980,0.021567557256407334,2930.0,1056622.9336710623,0.08379051566244591,155236.0,0.014960847058958837,47.316999663097455,4032.9620628019798,0.9571132394350624,0.8093617021276596,0.07545635782241022
Orlando,Philadelphia,36740,37980,0.03877897079607046,14004.0,1386973.551113593,0.10392686140495301,3571675.0,0.009926449067855891,15.692300244475106,6247.646036708546,0.9630871430224307,0.780765857936276,0.09243607457184666
Chicago,Minneapolis,16980,33460,0.04088454711210881,9586.0,574374.8051574682,0.05457576602400191,5928241.0,0.04136968061614821,16.001948119032036,13049.924712426506,0.97075205352781,0.787784090909091,0.07210462355690028
New York,San Antonio,35620,41700,0.0629162287585371,22700.0,2568179.431283852,0.1486014183225535,17582327.0,0.0023629212010469747,50.277243907271654,32108.198018574632,0.8923414430950258,0.7176970018572566,0.13000439895306548
Miami,San Francisco,33100,41860,0.07088104356202504,60230.0,4122635.4692768278,0.17280510269481347,1389325.0,0.036475785975502606,26.828805922111357,5970.93677742446,0.929389353764757,0.778668140370268,0.21114868441175927
Houston,Washington,26420,47900,0.03107373883350049,41742.0,1916291.3622224005,0.09049594578086609,737078.0,0.04742661202024412,5.43030303030303,5208.271882304149,0.9555749517495258,0.7845257903494176,0.2969675571844806
Minneapolis,New York,33460,35620,0.06380647638280859,1063.0,1653118.0096420797,0.11988526403607781,16450209.0,0.061494934794043665,34.31035519579684,30429.811172598493,0.9214016051602454,0.751718667371761,0.053776072099127714
Dallas,Philadelphia,19100,37980,0.03247772918858083,2157.0,2080896.0915499188,0.1253238041341364,1392336.0,0.03332758581898909,16.2399897962774,6433.102595171322,0.9496949097835341,0.8011695906432749,0.13508453134639142
Miami,Phoenix,33100,38060,0.05075258085835373,10850.0,3161649.5913211075,0.051275481099132936,1292501.0,0.003768129840968748,0.4093888311122953,5002.17992479279,0.9586168114772914,0.7990523968784838,0.08119745248970422
Boston,Chicago,14460,16980,0.02356780878466241,22030.0,1385414.8042755548,0.05304742347803451,4676870.0,0.02113257116051226,6.285913830087971,10702.001635208248,0.9683389374406157,0.7951164748807185,0.004929912634047184
San Francisco,Seattle,41860,42660,0.03932680785648127,22109.0,1079999.1571741218,0.0844773737809785,730246.0,0.01507657791418826,50.96978021978022,2526.4704629185753,0.967545462886797,0.7969513948806443,0.1202376778538865
Dallas,San Francisco,19100,41860,0.028263844396284765,45917.0,2349400.5513096224,0.18946545204254553,2888379.0,0.020362148311792838,12.156582077716095,9015.138767650778,0.9133037069000356,0.78,0.2950922946755591
Denver,Miami,19740,33100,0.09152072806228012,27835.0,2712250.5948381256,0.05386434459667534,3174512.0,0.08221219095172205,57.80383815245085,7204.663212114776,0.9542341507383764,0.7752112676056339,0.030901638261319198
Austin,Los Angeles,12420,31080,0.036110780391311575,3834.0,1981421.0372500822,0.09124038429635346,10917627.0,0.06214535692745027,,19736.328736621712,0.9537737147546609,0.741637204242589,0.05554685244104407
Dallas,Tampa,19100,45300,0.018831654669293058,16201.0,1487482.032140198,0.08589967850561052,4462112.0,0.08483354199618187,8.9926386362105,9481.598177522606,0.969689760692434,0.7996575342465754,0.017650776721757577
New York,Portland,35620,38900,0.05171718422772365,3159.0,3934631.578619207,0.06741575962116793,17627611.0,0.018566714481805913,32.76395452072057,31636.379565304243,0.9231231447192297,0.7507869884575026,0.0020354709376717572
Atlanta,Las Vegas,12060,29820,0.04850955373089627,12714.0,2788358.748700302,0.04512357146490948,3824354.0,0.03517014420058151,,8921.60355541536,0.9658540722597514,0.7506639126586013,NaN
Chicago,Seattle,16980,42660,0.01914892665356787,22119.0,2752227.1360923806,0.06943587823409016,5599740.0,0.01772546165935207,67.10191146881289,12279.852442110207,0.9582989285430503,0.8072423398328691,0.01612840692582418
Denver,Houston,19740,26420,0.05787617329132078,18859.0,1379482.4475256277,0.06457665634495519,4158419.0,0.05271426042592142,5.115591670898937,8544.929900239089,0.9594020188847803,0.7828910220214568,0.11501247294151556
Houston,Las Vegas,26420,29820,0.00507799965696328,8150.0,1966183.2610587352,0.054611159413933574,4856779.0,0.02619687919911695,,10350.781323165898,0.9650590115110887,0.7328571428571429,NaN
Houston,Phoenix,26420,38060,0.02820330439477361,1874.0,1634720.3952011452,0.06097091715169378,2276408.0,0.025729800684831883,53.09763531266421,5847.779664111841,0.9755586029306452,0.8001669913721124,0.002913382190492142
Las Vegas,Orlando,29820,36740,0.003019111194005528,1640.0,3267100.9614044917,0.04079125517978951,407915.0,0.010282848073766782,,1927.5253565128528,0.9741687885734693,0.7564541213063763,NaN
San Francisco,Washington,41860,47900,0.032914798984526206,9512.0,3858577.292351183,0.10659678930067655,1636154.0,0.040448756570542144,31.289743589743587,3556.9080674091088,0.9653282781809862,0.7840550616575853,0.001708038092524955
Dallas,Riverside,19100,40140,0.041828749491231096,2357.0,1781282.6317002333,0.07390716483277365,3037548.0,0.07787771431264001,58.287473408607426,9420.491653836332,0.9700233885320158,0.7847559234941479,0.0362941286344467
Boston,Philadelphia,14460,37980,0.011232712700432206,21562.0,461501.23734742013,0.042475283884401485,1303419.0,0.0314491249225447,13.929625137505994,3433.601316402357,0.9738218772753237,0.793939393939394,0.028571591183504164
Detroit,Los Angeles,19820,31080,0.1657361477982828,16649.0,3162543.653759212,0.12678753003519413,8808957.0,0.023616429922908022,,16467.564057868425,0.9438397823340239,0.767410594245765,0.1351480746057624
Tampa,Washington,45300,47900,0.02623693797207611,52606.0,1275909.4168521876,0.0825342846317872,3209887.0,0.10492015025493118,10.140522875816991,4736.003378377173,0.9623677857390448,0.7782621331008428,0.3144511094898416
Chicago,San Diego,16980,41740,0.01731131374688392,11887.0,2713207.0064677713,0.07169601657493054,6319868.0,0.006376706621912587,,13538.639924305544,0.971549686015169,0.7870137139658551,0.049908184981583115
Atlanta,Phoenix,12060,38060,0.06566117819550768,2690.0,2561719.0486911237,0.04269798058158477,1243983.0,0.03470306568629644,70.4717866977598,4525.855388763543,0.976190704525538,0.8149527356058436,0.056882015749885606
Denver,Phoenix,19740,38060,0.007293116002261415,16985.0,943732.9558357703,0.03536415814454017,1882011.0,0.0784440611107533,58.213226983563146,3349.423831049155,0.9769871653918322,0.804482453553524,0.11209909075102342
Denver,Las Vegas,19740,29820,0.03261419532969185,27009.0,954554.1254574307,0.045610177556009365,698360.0,0.07891113962503837,,2581.562511348505,0.9655036071435189,0.7549892539146453,NaN
Los Angeles,San Antonio,31080,41700,0.016103585566140752,18195.0,1925382.5332503486,0.11180657542735518,10642855.0,0.0008273542351339147,,19576.81452637277,0.9473838057831548,0.7317205762435445,0.16098129346573564
Dallas,Seattle,19100,42660,0.0378004448535989,23808.0,2646580.290767349,0.11677937294468442,3618625.0,0.005285570397604578,63.126362297496314,9451.348686827716,0.939941836178999,0.7907949790794979,0.17485461682167258
Las Vegas,Seattle,29820,42660,0.04533537116448053,37295.0,1372688.1428618894,0.09820034200953127,1753301.0,0.04825131256300719,,3859.769682247893,0.9467744096472552,0.7553892215568863,NaN
Chicago,Riverside,16980,40140,0.07287091630059973,4046.0,2581365.1580296173,0.03606908252666589,5018663.0,0.05486668225568336,62.26302257992399,12666.833819072546,0.9604099883490036,0.7817874259937976,0.1224320812614017
Las Vegas,Washington,29820,47900,0.02113235626877687,49892.0,3288945.0678377394,0.07866117259764532,4119701.0,0.07362349121936107,,6968.263341751659,0.9672486124777336,0.742089552238806,NaN
Atlanta,Denver,12060,19740,0.063756009144756,14295.0,1928685.0244214744,0.04566766661331552,3125994.0,0.04374099542445686,12.258559714196657,7104.308340718328,0.9632184478030297,0.7984293193717278,0.055217075001137816
Dallas,San Diego,19100,41740,0.008584081337001916,13576.0,1848894.5226085933,0.11903573753348154,4338753.0,0.029387738678869235,,10568.438342536707,0.9547304612559149,0.7749367799943805,0.10881802491426529
Boston,Orlando,14460,36740,0.05328836490756171,35566.0,1818306.3889674603,0.09880604144662136,2268256.0,0.041375573990400594,1.7626751069691124,4389.0307586071895,0.9391726564661259,0.7724836212030971,0.12100766575535082
Detroit,Miami,19820,33100,0.14918497336760125,3371.0,1860330.9273403613,0.0641185706066848,1746292.0,0.008379214904551624,30.0079173279469,5617.068719536908,0.9561867616576524,0.7866251062623972,0.047717131918816214
Phoenix,San Francisco,38060,41860,0.04511142773091481,49380.0,1053296.6130514643,0.17099835972050237,96824.0,0.03270765613453386,27.238194753223652,3817.6841147481023,0.9222105677849062,0.777209434498437,0.2923461369014635
Charlotte,Miami,16740,33100,0.10730780691388662,7092.0,1005398.4917339239,0.08024375235484425,3478004.0,0.03824558681259016,68.69749688027599,8344.246460885488,0.9518558952067986,0.7451715191697895,0.09936678176527158
Atlanta,San Francisco,12060,41860,0.06672056124638774,46690.0,3417103.2174032847,0.16519790122567854,1340807.0,0.0019954095517625836,43.23359194453615,6301.470860045296,0.9142450166635431,0.7807215332581736,0.2354641211515779
Houston,Philadelphia,26420,37980,0.0732772130387074,7494.0,2136102.705554816,0.1197041352936319,877189.0,0.005987582057494278,29.94284827800186,5314.940357144189,0.9454220832252989,0.8058252427184466,0.13525175576278797
Miami,San Diego,33100,41740,0.03319463480234866,27889.0,3599840.1374017303,0.09882249645515268,2839699.0,0.02745019560842621,,7506.659043809037,0.9539688046005024,0.7845894263217098,0.02487441465046547
Boston,Dallas,14460,19100,0.047884672369614446,23719.0,2505718.0960114053,0.11292409442964656,2695755.0,0.0018784608964443894,2.3103646587714053,8656.17207546153,0.9179955248343882,0.7775280898876404,0.1636561225298956
Miami,Seattle,33100,42660,0.1265939839467569,38121.0,4314333.309092158,0.10813891357896385,2119571.0,0.051552363889690866,24.140974297668862,6558.938100028083,0.9370467330103878,0.7894006659267481,0.09091100655787276
Los Angeles,Minneapolis,31080,33460,0.18120069293319402,5568.0,2441106.8753710273,0.11910715657668153,9510737.0,0.059959367828130605,,18220.948685510313,0.929899363828143,0.7603238866396761,0.08475296661179788
Phoenix,Seattle,38060,42660,0.029769705476862154,27271.0,1787896.7041341416,0.09472733661780913,827070.0,0.04778423404872212,23.731585466556567,3186.562254216917,0.9539207823481436,0.7933600457927876,0.172108459047577
Houston,Tampa,26420,45300,0.051267691501938446,10864.0,1273352.9804459687,0.08921775728321414,3946965.0,0.05749353823468706,4.7102198455139614,7862.34659627773,0.9673935958277402,0.8023850085178875,0.017483552305361028
Houston,San Francisco,26420,41860,0.03707596489962089,51254.0,2631618.2922131065,0.17526678369192186,2373232.0,0.006977855449701975,25.859440559440557,7569.633478577414,0.9103971995325334,0.7822602928985908,0.29525951909195564
Charlotte,Washington,16740,47900,0.01618120042213366,43626.0,500776.36300400784,0.0652683709922685,3724833.0,0.03867895573345459,10.578947368421055,6347.44027147952,0.9619900487728227,0.7589635432359144,0.3122235042695558
Miami,Riverside,33100,40140,0.011788515018215706,11956.0,3547044.8621266447,0.08677246663702737,1538494.0,0.021039780025344568,19.302085408779973,6876.850151050261,0.9377339588003243,0.7712915961646926,0.04764948162935312
Denver,Washington,19740,47900,0.040830875139939674,22883.0,2348748.020517275,0.05865228728294596,3421341.0,0.005287648405677303,0.3147113594040931,5117.0994713802465,0.9705672093720327,0.7764156450671337,0.18195508424296503
Atlanta,Boston,12060,14460,0.06207493421242038,24492.0,1517670.049042186,0.08222270514924317,1148183.0,0.016488277863585865,33.38737452559146,5904.60557531153,0.923405559518784,0.7767017943605811,0.10402794900591439
Phoenix,Washington,38060,47900,0.03716144527170163,39868.0,3146523.156845789,0.07577187642512419,1539330.0,0.073156412705076,58.52793834296724,3381.083997773495,0.9640400292607773,0.7897303499713139,0.29405417499398845
Atlanta,Detroit,12060,19820,0.029585060952872146,10169.0,1003204.834045935,0.029736898884093695,1697774.0,0.046850410431816814,40.05448053870061,5163.140904527011,0.9769534245102929,0.80034924330617,0.023401695178997595
Austin,Chicago,12420,16980,0.00889389060217959,7852.0,1549529.9051183977,0.052443843566754196,7335131.0,0.04355566971546787,18.031349714448304,14907.037398490687,0.9608998854468705,0.7657992565055762,0.04289850938614648
Dallas,Detroit,19100,19820,0.054322714319229914,10942.0,1626998.6676676786,0.061163712316402774,3245346.0,0.06521714919184707,8.977470671880553,8326.38781225088,0.9673894182785849,0.7931428571428571,0.036226478344983604
Denver,Orlando,19740,36740,0.025606837662175988,25369.0,2482385.9439198114,0.05137315314885068,290445.0,0.06862829155127159,19.36613970442569,1807.2622941897505,0.967829268881541,0.7783474065138721,0.07219679175057425
Orlando,Phoenix,36740,38060,0.009296823431731455,8384.0,2983486.635998081,0.03444475737854855,2172456.0,0.009815769559481713,38.847087279137455,3869.0522095210863,0.9761321687392033,0.7894114167406093,0.03990229900044917
Philadelphia,Tampa,37980,45300,0.009633691626947695,18358.0,1464733.768309776,0.08299005928240184,3069776.0,0.05150595617719278,25.2326284324879,5254.630434198013,0.9598991939387396,0.7953623188405797,0.152735308068149
Charlotte,Orlando,16740,36740,0.03717152080288919,4626.0,748342.6019163232,0.063561229019277,13047.0,0.0246616874121397,30.25979843225084,1435.5061825014895,0.9781872431068463,0.7719573400250941,0.05807162827601653
San Diego,Washington,41740,47900,0.03630314893126202,22829.0,3559874.7329304144,0.0501076184368506,3086528.0,0.04947434693761854,,5366.4989518307,0.9743429114529806,0.7824949113114278,0.18798230785381875
Denver,San Francisco,19740,41860,0.05827300957299805,32395.0,1514041.1129545837,0.14385668504133375,1785187.0,0.04573640497621945,30.975032230339494,3608.344495748708,0.9435901075707666,0.769431554524362,0.18024704615044007
Seattle,Washington,42660,47900,0.033554161895435294,12597.0,3680386.7164217154,0.04134684670638381,2366400.0,0.025372178656353883,82.25952380952381,4258.8312950855425,0.9668656593760754,0.7895492391616422,0.12194571594641146
Charlotte,Los Angeles,16740,31080,0.12590111723062775,12928.0,3397394.679014975,0.12290758378356874,10540669.0,0.023008371794233762,,19477.919960817173,0.9362300378268311,0.7221465540724599,0.18679772445221776
Austin,Miami,12420,33100,0.04017472319878401,23854.0,1763283.099928548,0.06988794741718997,3854962.0,0.07738257194580667,60.99228688559232,8689.393131859095,0.9541062186668262,0.7511415525114156,0.03188409024590211
Chicago,San Antonio,16980,41700,0.0786056851670289,14177.0,1675543.7759005302,0.06743295601962425,7060359.0,0.017762332976848483,31.96883683050685,14771.399561314425,0.9516371588547703,0.7528538812785388,0.14833295041083805
Portland,San Francisco,38900,41860,0.08183587610332868,38864.0,869488.2585352605,0.08159343048047711,2236149.0,0.004207423441253355,30.587678692988426,4103.936890352969,0.9622792057722639,0.7733217088055798,0.156730107175155
Atlanta,Seattle,12060,42660,0.053985418372700975,24581.0,3468998.3549535577,0.09225443725589992,2071053.0,0.013081168362425677,94.20337216431636,6579.212262877677,0.9369123761570318,0.7896522476675149,0.11522644329769138
San Diego,Seattle,41740,42660,0.04170387337621789,10232.0,1661842.7905114307,0.03651393612194362,720128.0,0.024102168281264658,,2410.224263424464,0.9685738647815499,0.7898255813953489,0.0660365919074073
Orlando,San Francisco,36740,41860,0.03711459695712676,57764.0,3919084.441672396,0.18562075268650263,2075632.0,0.022891886575052145,11.608892525913802,4229.596316434939,0.9253217087990864,0.7668424135910955,0.2524438379010143
Houston,Riverside,26420,40140,0.016852601327162854,2980.0,2028109.6435533513,0.0613257277758876,2522401.0,0.0505377105511452,71.99033189033189,7786.06158465241,0.9688358525509787,0.7739571589627959,0.03646135305084325
Charlotte,Chicago,16740,16980,0.0126905914690401,8910.0,953151.6318506551,0.06251994839092216,6958173.0,0.004418684582251364,25.73655970913198,14522.316413024473,0.9606835839030312,0.7569204152249135,0.17414938139732017
Boston,San Francisco,14460,41860,0.06937829796655279,22198.0,4316920.330405948,0.0997999730703006,192624.0,0.01848368741534845,9.84621741894469,3168.3086970811414,0.9463225439303427,0.7791907514450868,0.1314361721456635
Atlanta,Riverside,12060,40140,0.13526000530199672,1584.0,2909140.8948597093,0.0749649753793721,1489976.0,0.05951097555260976,89.36448327542749,6503.029678542149,0.9627333804819509,0.787122969837587,0.0233340448895345
Houston,Seattle,26420,42660,0.07881241796838151,29145.0,2999818.1718407935,0.10572211579503482,3103478.0,0.022054433363890236,76.82922077922078,7919.992676764291,0.9354399490739992,0.79251040221914,0.17502184123806913
Houston,San Diego,26420,41740,0.013456234151729151,18913.0,2070333.9044764386,0.1059682327314652,3823606.0,0.002047734917374422,,8956.756276688564,0.9505934562009511,0.7708159287106655,0.10898524933066184
Detroit,Orlando,19820,36740,0.061798703700299766,905.0,1593887.025237705,0.041578160499901415,1718665.0,0.021963114305002085,8.42978112007826,3255.4916679358894,0.9681421131575705,0.7857142857142857,0.006421978429561159
Charlotte,Dallas,16740,19100,0.0315288367680807,7221.0,1511501.1262123648,0.07158245666004252,4977058.0,0.018592347474705284,29.712108880448547,11205.182104722797,0.9801723834701102,0.7586106246351431,0.015423171501471766
Philadelphia,San Francisco,37980,41860,0.06310895347172747,43760.0,4017263.9084828408,0.10630735584984916,1496043.0,0.012965437507196254,4.083407718561304,4727.467821149077,0.9358198645425582,0.7790336253178864,0.16000776332916766
Atlanta,San Diego,12060,41740,0.07174568352944953,14349.0,2996641.092007449,0.09557606878570887,2791181.0,0.01102099991883898,,7562.334361822413,0.9509315840728177,0.7791428571428571,0.04918985139028409
Las Vegas,Philadelphia,29820,37980,0.048267524618535784,15644.0,3461943.4891122472,0.1021661859073897,3979590.0,0.020209297141622673,,7634.6737323869975,0.9481746089856008,0.7400647630261996,NaN
Dallas,Minneapolis,19100,33460,0.07320377623557268,11275.0,1396185.366745365,0.08915252486349133,3947126.0,0.01835864855919156,19.9774972903486,10274.734984416873,0.9400912090580265,0.7846903669724771,0.08662158633894812
Miami,San Antonio,33100,41700,0.014696582100175954,1825.0,1843423.684806742,0.09172886013086683,3580190.0,0.016064569253490313,74.92977400165087,8660.333019001058,0.9351497593240936,0.7517221584385764,0.07355035077878946
Denver,Seattle,19740,42660,0.014120798724918542,10286.0,1630005.499906534,0.0667608278643778,1054941.0,0.030659827062031186,81.94481245011971,2176.3811706592205,0.9709974771448979,0.7832555425904317,0.06000936829655357
Riverside,Seattle,40140,42660,0.13751362595432767,26165.0,1514736.9479028236,0.07071044404785345,581077.0,0.07259214391503543,4.838888888888889,2982.609763277791,0.9314518409729481,0.7802454704850964,0.13856048818722588
Philadelphia,Phoenix,37980,38060,0.035776833155089324,5620.0,3335252.6697873767,0.0969153959578044,1399219.0,0.019742218627337604,23.15478703466235,4168.314767385016,0.9497069493462714,0.7973242243097068,0.13233837357229583
Boston,Houston,14460,26420,0.09579910093355795,29056.0,2584020.850500689,0.10240474565873095,2180608.0,0.025461542865050424,16.013223140495867,7275.905785536259,0.9134440841769612,0.7704280155642024,0.16382334694629214
Detroit,Washington,19820,47900,0.03188401329192971,47347.0,645111.6189741625,0.07333602736585851,1993121.0,0.08530375745059637,28.110632183908045,3759.795207188817,0.965212939606991,0.7788489628980426,0.26057385442310044
Denver,San Diego,19740,41740,0.026478301256971922,54.0,1277717.515202031,0.0684155514675294,334813.0,0.054761995343295844,,1641.658307931343,0.9724487762125728,0.7770549970431697,0.006027223610853727
Atlanta,Austin,12060,12420,0.06071659169291448,10314.0,1311877.0962267604,0.047933373404998224,3806444.0,0.03891137641854148,9.070110981055187,8592.760324831595,0.9681266755284553,0.7770230360307147,0.05619952698572073
Las Vegas,Tampa,29820,45300,0.028969284849461895,2714.0,3178079.7012244095,0.062192103590883625,909814.0,0.03129665903557011,,3248.4476292530867,0.9589347915780595,0.7511422479439537,NaN
Atlanta,San Antonio,12060,41700,0.1472655882460689,11715.0,1432604.6851799223,0.06715672167845443,3531672.0,0.022406626273774877,4.867376135003358,8387.364007839411,0.9685359898573531,0.7761947165330959,0.049234914038970845
Miami,Minneapolis,33100,33460,0.184613634476491,25588.0,2398456.5390941356,0.0838404624317289,2448072.0,0.075196582846487,58.962885290176054,7350.631537493904,0.9328953348290963,0.7741843971631206,0.002677976075148303
Riverside,Washington,40140,47900,0.09197094633210091,38762.0,3443727.130194986,0.06574065365534518,1785323.0,0.09796432257138932,77.42063492063491,4936.400004051536,0.9491493361778286,0.764107038976149,0.26050620413363734
Detroit,Houston,19820,26420,0.10432156272252247,5605.0,1795901.7834478186,0.06642053294999051,2730199.0,0.037877145430352255,22.680329153605015,6777.371909523632,0.9642304101252251,0.7827313769751693,0.03639370276138015
Chicago,Portland,16980,38900,0.03254650009876746,5364.0,2801969.3917696425,0.0794237061794955,7105643.0,0.0015585396960895448,14.455547443955766,14457.666582128666,0.9557438500029491,0.7789621318373071,0.020364022395444326
Orlando,Seattle,36740,42660,0.04560093148703458,35655.0,4070763.81761041,0.11196733903486038,1345386.0,0.037968464489240406,62.57867274569402,2974.1610581809455,0.946737847577663,0.7797408716136631,0.13220616004712782
Denver,Philadelphia,19740,37980,0.01961523156988744,11365.0,2514710.5536898,0.07564710869920303,3281230.0,0.0587018424834157,35.0584399489008,5924.624882640251,0.9494827733307286,0.7930733410942957,0.02023928282127241
Denver,Tampa,19740,45300,0.002392198083318681,29723.0,2411282.6823912943,0.043197571873795554,211454.0,0.11020779866060848,9.825811516412898,1987.4473577934084,0.9672865283901392,0.7896778042959427,0.1324960252468766
Orlando,San Diego,36740,41740,0.008530571291403489,25423.0,3423117.7053788817,0.11071808768381437,625258.0,0.013866296207975748,,1902.4465826929281,0.9581804214788102,0.7718461079630182,0.06616956813972052
Las Vegas,Portland,29820,38900,0.07049153562408798,20540.0,1215186.3259685913,0.11006802959910035,247398.0,0.02896731120756557,,1976.5477479686647,0.9450079765848799,0.7392759355034987,NaN
Phoenix,Tampa,38060,45300,0.009829138278190947,12738.0,2886412.7496832577,0.04149792155609101,1670557.0,0.031763737549855176,48.38741546715025,2854.3939812156277,0.977395766008721,0.8051643192488263,0.02039693449585317
Denver,Riverside,19740,40140,0.09780916979926765,15879.0,1132943.6333283593,0.05497227325888624,1636018.0,0.10325197097706662,77.10592356123082,2387.630205873598,0.9521866341753753,0.7772795216741405,0.07855111989067232
Boston,Tampa,14460,45300,0.009067091843239868,39920.0,1904393.6765722514,0.08913020448122104,1766357.0,0.08295508109973748,11.303003294981906,3900.8182474962864,0.9289209327795259,0.7784958871915394,0.18130689925165316
Austin,Washington,12420,47900,0.03166523934094627,26864.0,2070669.4759344503,0.05953489446603993,4101791.0,0.0004580293997619167,2.8737373737373773,6639.578450474096,0.9698141154093874,0.766109785202864,0.18097263225838212
Austin,Denver,12420,19740,0.012053194936009008,3981.0,1214032.8881145385,0.03179535106365519,680450.0,0.0048296190059153865,3.1884487331414704,2120.8128158797986,0.9796348776313829,0.7758726270667483,0.0009824519845829105
Atlanta,Minneapolis,12060,33460,0.07351500434708508,12048.0,1471875.102163839,0.0613889755124833,2399554.0,0.036725387319221814,11.099512576471454,7182.64610015,0.9468083293686076,0.7839488223320733,0.02699341281496692
Dallas,Portland,19100,38900,0.05852233280550077,7053.0,2595102.2006153837,0.1305304634578865,5124528.0,0.024569571753046193,18.43109661527233,11506.596238679795,0.9325739946777097,0.765831691528286,0.13836218750040408
Phoenix,Portland,38060,38900,0.03336339041565527,10516.0,1639863.7888524353,0.10496966995297889,2332973.0,0.028500232693280503,57.82587344621208,4701.64928509135,0.949152243905512,0.7826973492572095,0.13561602972630848
Boston,Las Vegas,14460,29820,0.06041468386768309,37206.0,3795366.0228383285,0.08701143411040042,2676171.0,0.051658422064167375,,5539.137387716611,0.9268851190853624,0.7398251432016882,NaN
Orlando,Riverside,36740,40140,0.035252382437159994,9490.0,3360452.1228303313,0.08183802149142097,1926463.0,0.03462367942579503,57.73978385680513,2470.1848108997838,0.9565265190395612,0.7736190763658316,0.0063543281400980645
Austin,Las Vegas,12420,29820,0.007024227279742444,23028.0,1744480.026173757,0.05241170608515926,17910.0,0.07408152061912299,,1268.637852186352,0.9713146750522269,0.7524471108304389,NaN
Charlotte,Tampa,16740,45300,0.011137256884889275,8980.0,798307.6331930764,0.05764405199498676,514946.0,0.06624119452147659,20.719470244238046,2453.65849294477,0.9756269088272046,0.7760963557751699,0.002227605220285811
Charlotte,Philadelphia,16740,37980,0.0006323719859982075,9378.0,712608.2143407563,0.07098925127699322,3584722.0,0.014735238344283808,45.952098676725946,6894.871209819658,0.9580889153948983,0.7656016721409376,0.1505077028478632
Detroit,Tampa,19820,45300,0.019331709852390425,5259.0,1621162.2947572644,0.04800304407275444,1216766.0,0.019616392804334803,17.970109308091054,2485.269804266732,0.9684875676749459,0.7964681233163723,0.05387725506674118
San Antonio,Washington,41700,47900,0.10406367132769458,48893.0,2198543.583511582,0.08788289179422594,3827019.0,0.06085997329255444,16.811224489795922,6706.927090702567,0.9424832399427585,0.7515620351085986,0.2864070732830737
Austin,San Francisco,12420,41860,0.03576664586313925,36376.0,2410336.769494215,0.14239779197706529,2465637.0,0.04090678597030406,34.163480963480964,4773.791051145829,0.9394196911110745,0.7507374631268436,0.17926459416585716
Austin,Orlando,12420,36740,0.005413021141565393,21388.0,1605593.8267707147,0.06412214271858367,390005.0,0.0637986725453562,22.554588437567162,1782.0089786530257,0.9710231309557176,0.7754027261462205,0.07317924373515716
Las Vegas,San Antonio,29820,41700,0.03576448356374448,999.0,1707766.583368009,0.06563130341706871,292682.0,0.012763517926806633,,1551.2836620038258,0.9614221135012755,0.7553293032134903,NaN
Orlando,San Antonio,36740,41700,0.03882530363477154,641.0,1698470.6441512404,0.07578301229642229,115233.0,0.002480669853039852,36.49207555362571,1912.364243547761,0.9590684468233766,0.782295902408508,0.03225519728953441
Minneapolis,Phoenix,33460,38060,0.05315751535754402,14738.0,2081223.4069934252,0.05874458094573314,1155571.0,0.07142845300551826,59.37227412128835,3771.6057588247477,0.949518456877404,0.7850632167009703,0.08387542856485253
Boston,Phoenix,14460,38060,0.030934787170325197,27182.0,3703566.5638605217,0.09281755934078735,95800.0,0.05119134354988231,37.08441217216834,3852.9007254275316,0.9230373709087072,0.7813040969417195,0.1609099647558
Phoenix,San Antonio,38060,41700,0.0523314206713389,9025.0,1349822.836664317,0.060828791972973244,2287689.0,0.012296439412521565,75.33916283276317,4675.940974819934,0.9724761207357786,0.7708644929703858,0.007647101710914761
Charlotte,Houston,16740,26420,0.07064056818167493,1884.0,1490101.7035568783,0.07557359363650311,4461911.0,0.008747656286789529,16.009250398724085,9560.297275712717,0.9758809991112485,0.7428899741453605,0.015255947085075217
Detroit,Phoenix,19820,38060,0.05562323011089036,7479.0,2721866.2870269166,0.047653465202687054,453791.0,0.012147344745520372,30.417306159059194,2808.670682013112,0.9594051173733283,0.7895352236188249,0.03348032057088801
Philadelphia,San Diego,37980,41740,0.056027405629626964,11419.0,3743118.564120047,0.06664466887703242,2946417.0,0.0039398471401198565,,6203.717917507211,0.9494436757210759,0.7794665901921423,0.026266506432126135
Philadelphia,Seattle,37980,42660,0.013377342339475615,21651.0,3790704.4586575897,0.05136430136321767,2226289.0,0.028042015421384514,46.886372501218915,5214.708908462677,0.9422489521489938,0.7940841865756542,0.03977008547528116
Denver,Minneapolis,19740,33460,0.021894871918210095,2247.0,1142546.2211088212,0.04796018820345593,726440.0,0.007015608105235049,1.159047137725203,1787.3885979271547,0.9685462116358786,0.7852187028657617,0.028223662186170895
Boston,Denver,14460,19740,0.009245929938574314,10197.0,2841006.5989510333,0.06783527639624728,1977811.0,0.027252717560870998,21.128814811394804,4073.8124650013037,0.9358355663982602,0.7734904270986745,0.04881087400477657
Detroit,Las Vegas,19820,29820,0.07459006519977503,2545.0,2800811.2526555597,0.061591468405682026,2126580.0,0.011680266231235303,,4558.486590964155,0.9533451422213802,0.75,NaN
Austin,Phoenix,12420,38060,0.0010332063687673188,13004.0,1406415.7120332548,0.04849057390009422,2562461.0,0.07361444210483792,61.40167571670462,4847.908518113765,0.9744561084742274,0.7812687013764213,0.11308154273560633
Denver,San Antonio,19740,41700,0.0984072159867887,26010.0,1250031.033612646,0.06832847863318707,405678.0,0.06614762169823174,17.125935849200015,2374.162168007906,0.9564041351158384,0.76576852418861,0.10445198904010866
Miami,Portland,33100,38900,0.1573793141892481,21366.0,4297796.175321791,0.1182709492405073,3625474.0,0.03226836253424925,57.41648461509978,8452.345473299112,0.9300804353090474,0.7615986584684181,0.05441857723660426
Houston,Minneapolis,26420,33460,0.13142255586830537,16612.0,1707250.09638959,0.0891062829021415,3431979.0,0.04569865232068637,6.27463880862414,8683.619579415026,0.936543630462155,0.7753541076487253,0.08678881075534467
Boston,Seattle,14460,42660,0.0054220674900544675,89.0,3990009.887641798,0.04237155552237585,922870.0,0.003407109501160188,60.81599763872491,3528.152065883782,0.9384899154904294,0.7867902665121669,0.011198494291776995
Philadelphia,Riverside,37980,40140,0.14608059254230107,4514.0,3622241.771834298,0.09229598789207849,1645212.0,0.04455012849365092,42.047483612330026,5551.770528399026,0.9401595651101918,0.772005772005772,0.09879040271194472
Detroit,Philadelphia,19820,37980,0.0028679616939231143,13099.0,728285.0282569713,0.08231646024970173,1853010.0,0.031889563372857976,7.262519124396846,4175.704611200366,0.9653779943100516,0.8018123355743935,0.09885805300140782
Minneapolis,Washington,33460,47900,0.06347997876668884,25130.0,1474202.9132669335,0.06451722444291316,2694901.0,0.0017279596995577462,0.8443357783211098,5104.627214596576,0.962607965500856,0.7701553796540604,0.21017874642913592
Minneapolis,Orlando,33460,36740,0.07982307448704207,23122.0,2127194.5264434023,0.06785655726085195,1016885.0,0.06161268344603654,20.525186842150895,2242.6384015262024,0.9520611685159535,0.7697428139183056,0.04397312956440336
San Francisco,Tampa,41860,45300,0.05552275248670067,62118.0,3833084.157308242,0.17155375851006247,1573733.0,0.06447139368438903,21.149220713926596,3987.170299849255,0.9097090433108487,0.7743708417703211,0.31274307139731666
Portland,San Diego,38900,41740,0.061528804255702445,6523.0,1479005.426697453,0.043678450662921905,785775.0,0.004818166925823042,,1801.8229657766049,0.9671241257138,0.7778763679384797,0.02954416258613879
Boston,San Diego,14460,41740,0.05559194009447345,10143.0,4097514.0493796906,0.049094847653633686,1642998.0,0.027509277782424846,,4131.9305415265635,0.9450594407716794,0.7744294909303686,0.0548380976156303
Portland,Riverside,38900,40140,0.16612131080077877,9410.0,1340545.6653337646,0.08288459075615122,2086980.0,0.05330814255959382,76.71857002387975,3220.145338334902,0.9256670294300043,0.7602131438721137,0.10206805886595738
Las Vegas,Minneapolis,29820,33460,0.0904862714608123,24762.0,2070942.098387591,0.08178952832053527,1424800.0,0.07189553151980332,,3076.1974904092226,0.9374256729321573,0.745611333538651,NaN
Denver,Portland,19740,38900,0.0098717599583976,6469.0,1590798.8880997153,0.07673068737400215,450962.0,0.0499438284174728,0.3873535373510677,1934.7278878436625,0.9716990168952886,0.7811940298507463,0.023516938975285062
Seattle,Tampa,42660,45300,0.013192054119797708,40009.0,4010667.3188799117,0.09613405813298165,843487.0,0.0795479715985773,72.11900093370681,2716.280177006783,0.9434680078341402,0.793405310767435,0.19250539354343016
Atlanta,Portland,12060,38900,0.0817941702346861,7826.0,3475054.0154777253,0.10362891359189592,3576956.0,0.006202832993015939,12.645913251547725,8461.84229349614,0.9311369679090907,0.7790563866513234,0.07873401397642288
Houston,Portland,26420,38900,0.1089511474520327,12390.0,2938644.1523463447,0.12000540437695444,4609381.0,0.00277043200844862,4.728238133547869,9905.924540395006,0.9258218765502076,0.7716690042075737,0.13852941191680063
Denver,Detroit,19740,19820,0.03087434213447402,24464.0,1846296.726117568,0.051582220342007754,1428220.0,0.09059140585627368,27.795920824503952,3086.966310149821,0.9565260177660817,0.7957280385078219,0.07861877018013541
Portland,Washington,38900,47900,0.062354245818886156,29352.0,3734298.212727609,0.053750710568958145,3872303.0,0.0446561800117955,0.7020648967551608,6283.703923642488,0.95887032313648,0.7658833768494343,0.15843814526767996
Austin,Seattle,12420,42660,0.03227509500882142,14267.0,2816065.6109408983,0.06717074614478603,1735391.0,0.0258302080561158,85.13326118326118,3428.8487864004737,0.9623623672316144,0.7657363420427553,0.059026916311970656
Detroit,San Francisco,19820,41860,0.08877890375998772,56859.0,3325355.053040332,0.17219345229800945,356967.0,0.04485500088005423,3.179111405835542,3825.777437332182,0.9141772858902105,0.7600922722029988,0.2588658163305755
San Diego,Tampa,41740,45300,0.02864666349177353,29777.0,3325724.289314609,0.10020866349054554,123359.0,0.055445803317312636,,2493.157235314291,0.9491956525552177,0.7847017129356173,0.12646880163602287
Riverside,Tampa,40140,45300,0.09984607833538194,13844.0,3266783.0527471327,0.08805520143422113,1424564.0,0.00695582768354186,67.28011204481793,2497.884504936127,0.9473835605569486,0.7844776119402985,0.053944905356204276
Austin,San Diego,12420,41740,0.004018768527543131,4035.0,1841364.0202170208,0.07186158189180962,1015263.0,0.04993237633738046,,2071.1863750034663,0.9656580280832842,0.7607713166616451,0.007009675595436637
Austin,Philadelphia,12420,37980,0.03831398169730021,7384.0,2287601.408178962,0.08527320824537597,3961680.0,0.053872223477500314,38.24688868204227,7388.899985789495,0.943100569680824,0.7731440402247856,0.019256830836689498
Boston,Riverside,14460,40140,0.15744440168664434,26076.0,3966773.2896213084,0.06607171016376401,341793.0,0.07599925341619562,55.97710874983602,4157.401351806197,0.9141067947624264,0.7641870038224051,0.1273619938954489
Boston,Detroit,14460,19820,0.01398816671615604,34661.0,995097.5254650869,0.08177521567309462,549591.0,0.06333868829540268,6.667106013109148,3373.205448827569,0.9390434862508257,0.7764671188439988,0.12742964418491198
Charlotte,Phoenix,16740,38060,0.037571790158055465,3758.0,2871707.4575972874,0.061255540132661525,2185503.0,0.03447745697162141,69.10688571138829,4547.659288029392,0.9690879359553817,0.7609478104379124,0.01816932927556736
Minneapolis,Tampa,33460,45300,0.020454727081147487,27476.0,2110028.5987715754,0.051165145484151416,514986.0,0.10319219055537343,10.984858654138101,2382.6462179685846,0.9505818228709942,0.7865505854097868,0.1042723630607057
Minneapolis,San Francisco,33460,41860,0.09861103456347386,34642.0,2532889.5969171724,0.15100863225356956,1058747.0,0.0387207968709844,32.1340793680647,3683.0940797106987,0.9350203416097203,0.7631808913486746,0.20847070833661097
Charlotte,Las Vegas,16740,29820,0.04838639482325307,6266.0,3069801.602716076,0.07755271844912205,394868.0,0.03494453548590648,,1730.2092359018316,0.9569036896672266,0.7364242616703716,NaN
Minneapolis,Philadelphia,33460,37980,0.01576222078631594,9118.0,1577314.0885258112,0.06322968963343509,2554790.0,0.05168623437818065,36.217487086626,5684.952946155316,0.9565783131286202,0.7910928801640785,0.0484629450074433
Philadelphia,San Antonio,37980,41700,0.15327129064118566,14645.0,2415889.2960639913,0.12172816117289521,3686908.0,0.0074457792148160395,52.18437579810082,7347.439690123356,0.9276438524638922,0.7712418300653595,0.12469127186138107
Austin,Tampa,12420,45300,0.013327328088127416,25742.0,1500431.6252021755,0.0671558143349328,891904.0,0.1053781796546931,13.014260249554368,2928.293359620924,0.9646020539685353,0.7881667688534642,0.1334784772314595
San Antonio,San Francisco,41700,41860,0.08970615976300973,58405.0,2372743.5597033924,0.17323945856245754,2190865.0,0.020411216722012293,48.10096807953951,5007.692083185627,0.9026034978187394,0.7410029498525074,0.28469903519054873
San Antonio,Tampa,41700,45300,0.10186535560086372,3713.0,1590014.0995785773,0.09444333029517649,617132.0,0.04406017696237674,26.951747365612913,2898.8437350088398,0.95614219920949,0.7785955228457528,0.02804403620676793
Minneapolis,Seattle,33460,42660,0.013925331713535652,12533.0,2213390.7525405786,0.07228088183692831,328501.0,0.023644218956796137,83.10385958784491,2271.751526906057,0.9648478850436025,0.7806811509101586,0.08823303048272446
Riverside,San Antonio,40140,41700,0.001968005008601626,10131.0,1750254.5402954028,0.059697564954299835,2041696.0,0.03710434927883488,94.23185941043084,2795.9538622802775,0.9666412289214081,0.7718162195497996,0.025900869149436345
San Antonio,San Diego,41700,41740,0.03406096482029684,26064.0,1778890.254039858,0.10531746337916746,740491.0,0.011385626354935896,,2238.5758865850403,0.9495620888497108,0.7492474413004214,0.09842476542925493
Austin,Boston,12420,14460,0.037377604465234276,14178.0,2726255.2514688727,0.07258439564756063,2658261.0,0.02242309855495561,24.317263544536274,5317.338337928103,0.924163457914021,0.7640855679421512,0.04782842202019366
Orlando,Portland,36740,38900,0.06276756317312487,18900.0,4060907.5479196403,0.12206166127563238,160517.0,0.01868446313379879,18.978786167074624,2147.996042826895,0.9422374618991644,0.7611227232009555,0.09571373072585931
Charlotte,Denver,16740,19740,0.022868304340738534,20743.0,2171670.1774693024,0.05741010427465997,303492.0,0.04396660413913189,10.893658727825148,2313.493246153963,0.9545211844926895,0.7686359418496752,0.13026842002659078
San Antonio,Seattle,41700,42660,0.14780837307074057,36296.0,2827733.801934312,0.10385992887766038,1460619.0,0.035487794636200554,99.07074829931973,3691.2205298518807,0.9294066961383005,0.7575037147102526,0.16446135733666223
Detroit,Seattle,19820,42660,0.02061258586044512,34750.0,3062539.6528314706,0.09541198125671517,373279.0,0.05993157879424249,54.14889162561576,3317.4173689784648,0.93008626218307,0.7804949053857351,0.13862813847668898
Boston,Charlotte,14460,16740,0.016214100816558434,30940.0,1172950.3731167973,0.07899761637717827,2281303.0,0.016713886578260895,32.02247353921995,5064.035643634433,0.921069094070513,0.7531126632250228,0.17907929403136735
Austin,Riverside,12420,40140,0.04178225320314077,11898.0,1801338.298964085,0.052928849874829764,2316468.0,0.09842235197115123,80.2943722943723,3194.0818712111936,0.9486609444813269,0.7748771498771498,0.07953357187525523
Detroit,Riverside,19820,40140,0.1889628723121806,8585.0,2974099.4112386317,0.07652449676563512,207798.0,0.012660565120792944,49.31000273672687,2912.2958297535642,0.9510189349163247,0.7681331747919143,0.00006765028946309481
Detroit,San Diego,19820,41740,0.08344145476632628,24518.0,3107786.2171795755,0.10407154113739515,1093407.0,0.03582941051297783,,3503.208957513097,0.9443864734373194,0.7664512338425382,0.07259154656928168
Boston,Minneapolis,14460,33460,0.0034173010402210467,12444.0,1805064.9533867233,0.06699145009652431,1251371.0,0.02023710945563595,22.287861949120007,3774.6451488848593,0.9474035192315704,0.7808586762075134,0.07703453619094747
Minneapolis,San Diego,33460,41740,0.08628669545994823,2301.0,2415826.863334627,0.08920447588639352,391627.0,0.047746387238060795,,2266.3419865501323,0.9491620138519906,0.772294887039239,0.022196438575317168
Philadelphia,Portland,37980,38900,0.020366305627959463,4896.0,3855034.9193140166,0.05141697884299701,3732192.0,0.008758014065942898,34.67108641154973,7001.116768059222,0.93821047392846,0.7829861111111112,0.0032776561540126536
Charlotte,San Francisco,16740,41860,0.06853865699598427,53138.0,3680106.3289270266,0.16204382619773758,2088679.0,0.001769800837087554,41.86869095816464,4908.5946053835005,0.9012544352912113,0.741445998214817,0.31051546617703085
Detroit,Minneapolis,19820,33460,0.012277088698190618,22217.0,849221.4278749006,0.0448252995586303,701780.0,0.08357579775103863,28.954967962229155,2965.1045512763963,0.9581176849816783,0.7920702179176755,0.050395107993964516
Charlotte,Detroit,16740,19820,0.003513117300559724,3721.0,863922.0024729901,0.02788702469921383,1731712.0,0.046624801717141784,38.6895795523291,3687.5563724504605,0.9750561470982032,0.773403595784253,0.05164964984645537
Minneapolis,Riverside,33460,40140,0.20541055360115532,13632.0,2263231.334919288,0.07409510473640657,909578.0,0.09623636287183157,78.26497069895603,2766.1200263184533,0.9337783586433062,0.7676858513189448,0.05032745770450142
Boston,Portland,14460,38900,0.0015513183579494681,16666.0,4075537.9440662563,0.04844947483608814,2428773.0,0.022691110856601804,20.741461274043736,4864.9680368939735,0.9319542609022563,0.7633967789165447,0.02529393502949151
Boston,San Antonio,14460,41700,0.16223235028176067,36207.0,2855467.096175413,0.10607182531962195,2383489.0,0.03889490413736074,38.25475066059482,5449.149658432956,0.8959890918022057,0.74625074985003,0.15326286304488523
Charlotte,Seattle,16740,42660,0.01939636450613117,31029.0,3643311.5767023712,0.08591702929212826,1358433.0,0.013306777077100707,92.83847117794485,3583.724040715189,0.9292828465372535,0.7491798389501939,0.19027778832314435
Austin,Detroit,12420,19820,0.06036720002906129,20483.0,1887201.9913805379,0.05731634749388847,2108670.0,0.08576178685035829,30.984369557645422,4322.510150364022,0.9505606133138007,0.7659768715763846,0.07960122216471832
Portland,Tampa,38900,45300,0.013087460806354822,23254.0,3995281.9019997464,0.1019089694540304,662416.0,0.06026397024313568,9.43845797906183,2942.642180082383,0.9416054159878867,0.784651992861392,0.15601296422216165
Detroit,San Antonio,19820,41700,0.19591208447892483,1546.0,2016000.62898506,0.0735717134105641,1833898.0,0.024443784158041937,44.92185667370397,4183.816559076175,0.9483170204354385,0.7721130221130221,0.02583321885997325
Charlotte,Riverside,16740,40140,0.14441060761520763,4864.0,3203381.118953592,0.0826505484370227,1939510.0,0.05928536683793473,87.99958228905598,2828.0390732802825,0.9562124734081809,0.7556240369799692,0.051717300135918465
Austin,Portland,12420,38900,0.041773720365287266,2488.0,2745536.832299403,0.08046842935410518,229488.0,0.045114209411557415,3.575802270492538,1648.918736627127,0.9602019660883462,0.7685975609756097,0.02253448699070215
Charlotte,San Diego,16740,41740,0.058559918295981124,20797.0,3301214.35710017,0.10044458964419983,638305.0,0.010795391204163951,,2347.684178078474,0.9392263655632297,0.7450030284675954,0.12424119641573705
Austin,Minneapolis,12420,33460,0.062179294335158806,1734.0,1691548.3817573257,0.06082645182485221,1406890.0,0.002185989099319663,2.0294015954162674,2710.4905460082314,0.9508537087248452,0.7693017533066748,0.029206114170753805
Charlotte,San Antonio,16740,41700,0.1508242991063612,5267.0,1792266.136332529,0.07929926059846792,102186.0,0.022181017559099847,6.232277121374867,1526.443906601222,0.9633910344993557,0.774027643844423,0.02581643098648212
Austin,Charlotte,12420,16740,0.03981431252199642,16762.0,1669401.307898049,0.05913618366116976,376958.0,0.039136985133216506,7.705209994683678,1589.3703155652556,0.9608478035590726,0.7625396825396825,0.1312508720111737
Minneapolis,Portland,33460,38900,0.004276571283334736,4222.0,2281523.7818636335,0.07725921858641084,1177402.0,0.04292822031223775,1.5464006750762707,2285.143759153896,0.9600082017860962,0.7812217875413783,0.05174060116145596
Minneapolis,San Antonio,33460,41700,0.20978516680844334,23763.0,1800244.4884994703,0.08906648455870157,1132118.0,0.05913201359299669,15.966888711474812,2939.7074684396744,0.9264083661430633,0.7705882352941177,0.07622832685393777
Charlotte,Minneapolis,16740,33460,0.0209353694258977,18496.0,1525568.0082503695,0.04555178002268585,1029932.0,0.036950996033896844,9.734611590099945,2555.5463212393547,0.9471506978802042,0.7724288840262582,0.10204475784041989
Detroit,Portland,19820,38900,0.022798269987461487,17995.0,3128965.062328825,0.10445542022751995,1879182.0,0.040647577438800875,27.408567287152884,4229.66440749145,0.9275102321330421,0.7804950790337012,0.10213570915542047
Portland,San Antonio,38900,41700,0.1688368323204209,19541.0,2747775.4061951544,0.11830786635216203,45284.0,0.016203793280758938,17.513289386551083,2193.7720939058368,0.9261017640997113,0.7596095179987797,0.12796892801539372
Charlotte,Portland,16740,38900,0.02637560024339909,14274.0,3668497.890684958,0.09408553614968906,147470.0,0.005977224278340909,11.281012265176216,2206.226416304546,0.9265692629500332,0.7537565164060104,0.15378535900187584
