city1_name,city2_name,zipcode1,zipcode2,raceDistance,incomeDistance,geographicDistance,scenesDistance,populationDistance,employmentDistance,bachelorDistance,votingDistance,frequencyDistance,frequencyCosine,categoriesJaccard
New York,Miami,10036,33131,0.09714998408738676,8994.0,1759287.122109736,0.3345794259469791,7300.0,0.09781005556217026,0.06710533424456533,0.23945787128954443,289.5962706942201,0.7921441947195454,0.40668523676880225
New York,Miami,10036,33139,0.06722672846627518,41629.0,1756830.6979735761,0.14729922476096077,3817.0,0.06432114997004812,0.11871925141693829,0.21875609534558815,273.5543821619387,0.838061194936099,0.46256239600665555
New York,Miami,10036,33142,0.25564416535342993,67262.0,1757133.5647138495,0.34501122253625327,25848.0,0.170704740328684,0.5341287605496803,0.20022237982392987,357.87008816049433,0.4991905032163339,0.27109375
New York,Miami,10036,33172,0.37546688417953206,44437.0,1762575.8096579947,0.2963751547778762,8876.0,0.05868680837332274,0.3393904388023962,0.36922965753896997,342.87315438803313,0.5577121031004567,0.3755868544600939
New York,Miami,10036,33304,0.019180222685070115,28834.0,1717558.7079121924,0.12964762933494034,12023.0,0.08800594064880463,0.1463729446140335,0.18772015226152527,320.72106260736916,0.7451298115934898,0.4106689246401355
New York,Miami,10036,33308,0.04392514877114409,24787.0,1712140.3597875363,0.17319947820345746,3328.0,0.19072591790785232,0.11324796765682843,0.3606362659030234,308.29531297118353,0.7488923489980761,0.374113475177305
New York,Miami,10036,33316,0.028982873430445356,15204.0,1721817.7314277121,0.2567382431516972,18550.0,0.11491532947983962,0.11322815593534974,0.3198780031884233,324.21906174683807,0.7330171573811779,0.3581081081081081
New York,Miami,10036,33323,0.021997938672710517,2301.0,1722702.3792599535,0.4211524654856126,7506.0,0.029678511069744062,0.14539291294105983,0.24569276073179647,380.96719018834153,0.4124602278881413,0.3472727272727273
New York,Miami,10036,33401,0.05853871565234656,48623.0,1655306.206864733,0.2795640274623867,1375.0,0.10905387723404625,0.24517353340235615,0.16103829015240223,299.58304357890484,0.7181392702510307,0.42088353413654617
New York,Miami,10036,33411,0.020783355772481957,20987.0,1659679.2157117843,0.2824306501262922,44710.0,0.10821887931745344,0.24171651915423553,0.30377964533848767,344.17873263756434,0.5861242929806564,0.33607784431137727
New York,Los Angeles,10036,90012,0.07398212170528823,44899.0,3926235.21913484,0.24993699056732252,6874.0,0.2231426834038649,0.2946993145101854,0.05072280296927767,292.74220741123065,0.7601428507267481,0.346393588601959
New York,Los Angeles,10036,90015,0.13753768575795353,45115.0,3929777.8581524086,0.19887728018368522,5332.0,0.04055597859287474,0.2084742525949581,0.04962157814664969,303.17816544071906,0.7266164380656094,0.4010600706713781
New York,Los Angeles,10036,90028,0.00857842343963427,45363.0,3932077.63355551,0.14837566938558408,852.0,0.02204354204104053,0.17350131743170483,0.048562974380133794,232.90770704294007,0.8624176500620998,0.44494584837545126
New York,Los Angeles,10036,90036,0.005810270172232805,10309.0,3935308.275207187,0.16060630929157216,8195.0,0.025648177932235505,0.02127519276041423,0.06804161473792869,301.06311630619916,0.7667180297761321,0.38290293855743546
New York,Los Angeles,10036,90045,0.0009589750690463382,17766.0,3946818.253528677,0.3204105516278452,11763.0,0.0814295603651034,0.034852610436873044,0.08880513631748299,307.25722123328524,0.7048904510354727,0.39228007181328545
New York,Los Angeles,10036,90802,0.027754839432566583,35457.0,3938158.782114316,0.1739251316464359,9270.0,0.014080856437527878,0.24319425654827898,0.03548954958067119,289.3544539142261,0.8376515612152465,0.3844797178130511
New York,Los Angeles,10036,92626,0.005419824932397101,589.0,3916485.611335797,0.1837630949838134,19980.0,0.01149580763076219,0.19048288820813997,0.2875989818542728,291.9520508576708,0.712077533611896,0.38814814814814813
New York,Los Angeles,10036,92648,0.013299536828394944,7582.0,3925279.7738012085,0.20178762267857275,14932.0,0.06329544239532159,0.14974889780800738,0.3813707711295127,299.6798291510458,0.7707094235430741,0.35972461273666095
New York,Los Angeles,10036,92802,0.18326381521600463,27555.0,3911738.148789172,0.3045256610175079,13109.0,0.08182446871294013,0.46379208498576213,0.24732862891498408,303.47322781425055,0.7135951965653394,0.32716650438169426
New York,Los Angeles,10036,90401,0.03723048475803575,7495.0,3949818.471636638,0.16143061075567425,22664.0,0.0194679154689833,0.05984067812606386,0.05576593444769229,282.91694894438547,0.803043707587497,0.41013824884792627
Miami,Los Angeles,33411,90015,0.14392101262579343,24128.0,3737134.416327862,0.27005049445027846,50042.0,0.0676629007245787,0.03324226655927742,0.254158067191838,160.822883943797,0.5982867177079588,0.35875943000838223
Miami,Los Angeles,33411,90028,0.01659648993121972,24376.0,3742757.8205769304,0.32235335123600023,43858.0,0.08617533727641291,0.0682152017225307,0.2552166709583539,194.05926929677955,0.6416439936634145,0.3509496284062758
Miami,Los Angeles,33411,90036,0.03614812597105575,10678.0,3744797.4450035845,0.33533679828673746,36515.0,0.13386705724968895,0.2204413263938213,0.23573803060055898,136.69674465765453,0.6674484762806375,0.35034013605442177
Miami,Los Angeles,33411,90045,0.013066670896723045,38753.0,3750918.5196668906,0.11750212868641964,32947.0,0.02678931895235004,0.2068639087173625,0.21497450902100468,149.1978552124661,0.67084148248544,0.3719723183391003
Miami,Los Angeles,33411,90401,0.052723657102263545,13492.0,3757980.1691340585,0.25483603062638127,67374.0,0.08875096384847014,0.3015571972802994,0.24801371089079538,156.00320509528,0.6200194179022739,0.33191489361702126
Miami,Los Angeles,33411,90802,0.01989319322560812,14470.0,3731594.292163636,0.20927032879385912,35440.0,0.12229973575498132,0.0014777373940434435,0.2682900957578165,132.45754036671525,0.6675640309411786,0.3144963144963145
Miami,Los Angeles,33411,92626,0.029194293811218373,21576.0,3703992.3149064006,0.1725227560370225,24730.0,0.09672307168669125,0.051233630946095565,0.016180663484214874,174.82848738120455,0.7468205780486542,0.44840667678300455
Miami,Los Angeles,33411,92648,0.04162121776286904,28569.0,3713670.0412837793,0.19899552149128885,29778.0,0.044923436922131854,0.09196762134622816,0.077591125791025,104.22571659624126,0.8093782579968312,0.38745704467353953
Miami,Los Angeles,33411,92802,0.18932496452122013,6568.0,3705403.5591730857,0.3932626652667529,31601.0,0.026394410604513308,0.2220755658315266,0.056451016423503586,171.32133550728585,0.5750489086417783,0.27787934186471663
Miami,Los Angeles,33411,90012,0.09483916887258591,23912.0,3734607.2895735484,0.32954226383541413,37836.0,0.11492380408641145,0.05298279535594985,0.25305684236921,168.9526560903971,0.5673804669234044,0.28169014084507044
New York,Miami,10011,33139,0.11446550256753087,82795.0,1754673.222498684,0.17446876254209515,14938.0,0.032804723076907405,0.1918183649807016,0.2624992116206827,249.75588081164375,0.878318877893945,0.46656050955414013
New York,Miami,10011,33142,0.3809296118030376,108428.0,1754975.7667222554,0.4195971172983795,7093.0,0.13918831343554328,0.6072278741134436,0.2439654960990244,315.0222214384249,0.5238167552577379,0.2617994100294985
New York,Miami,10011,33172,0.509136044407945,85603.0,1760417.7926379396,0.432057539397914,9879.0,0.027170381480182026,0.41248955236615953,0.4129727738140645,289.61008269740887,0.6230232532282284,0.36951672862453533
New York,Miami,10011,33304,0.016065841243157623,70000.0,1715400.966683057,0.22930340240624436,30778.0,0.05648951375566391,0.2194720581777968,0.2314632685366198,268.7638368531005,0.8036657544352267,0.39664804469273746
New York,Miami,10011,33308,0.005302124168717376,65953.0,1709982.6133497427,0.22947104859445774,22083.0,0.1592094910147116,0.18634708122059174,0.4043793821781179,248.3867951401604,0.8339255385065366,0.38592027141645463
New York,Miami,10011,33316,0.0021397141698933364,56370.0,1719660.0221722766,0.35225117362545433,37305.0,0.08339890258669891,0.18632726949911305,0.36362111946351783,276.74898373797146,0.7694075224288273,0.3449920508744038
New York,Miami,10011,33323,0.05788372289600289,38865.0,1720544.2350990442,0.5548862513688548,26261.0,0.001837915823396652,0.21849202650482313,0.289435877006891,332.3070868940354,0.4669034088678343,0.339606501283148
New York,Miami,10011,33401,0.08963232163390439,89789.0,1653148.1425825208,0.3909747741509676,17380.0,0.07753745034090553,0.31827264696611945,0.20478140642749676,240.18742681497713,0.7917380509557901,0.4342105263157895
New York,Miami,10011,33411,0.042484077351539945,62153.0,1657520.9892431572,0.3863451127769705,25955.0,0.07670245242431273,0.31481563271799884,0.3475227616135822,287.3064565929558,0.673801804279384,0.37023460410557185
New York,Miami,10011,33131,0.16066128569674173,32172.0,1757129.5582714034,0.4485159683176734,26055.0,0.12932648245531098,0.005993779319197978,0.28320098756463896,240.79451821002903,0.8275319195882018,0.37607573149741824
New York,Los Angeles,10011,90012,0.17272201463124065,86065.0,3925525.251785062,0.22131071111042028,11881.0,0.19162625651072418,0.3677984280739487,0.0944659192443722,240.58262613912916,0.8086668485486931,0.3311092577147623
New York,Los Angeles,10011,90015,0.24855624241507213,86281.0,3929067.041517715,0.2604568344726433,24087.0,0.009039551699734028,0.2815733661587214,0.09336469442174422,247.4813124258072,0.7905022366687012,0.38589211618257263
New York,Los Angeles,10011,90028,0.043548795351841765,86529.0,3931371.1842252384,0.1312683687626612,17903.0,0.009472884852100183,0.24660043099546813,0.09230609065522832,191.7602670002313,0.8764170675482003,0.4076858813700919
New York,Los Angeles,10011,90036,0.011747149364101869,51475.0,3934600.722329877,0.14049022683471646,10560.0,0.05716460482537622,0.09437430632417754,0.11178473101302322,232.38115241989829,0.8795131793811902,0.4359649122807018
New York,Los Angeles,10011,90045,0.023247878533753794,23400.0,3946105.3533377475,0.4046050231838577,6992.0,0.04991313347196269,0.10795172400063635,0.13254825259257752,260.17109754928583,0.7397409206175432,0.36023294509151416
New York,Los Angeles,10011,90401,0.003938321785415483,48661.0,3949110.923992643,0.2360441074643042,41419.0,0.012048511424157415,0.013258435437699445,0.09950905072278682,226.1238598644557,0.8632738231721939,0.41083916083916083
New York,Los Angeles,10011,90802,0.07774291131314151,76623.0,3937431.7639950872,0.2137094718071245,9485.0,0.04559728333066859,0.3162933701120423,0.07923266585576572,235.4442609196495,0.891338984693077,0.36468646864686466
New York,Los Angeles,10011,92648,0.0018629598401910799,33584.0,3924545.0906001115,0.24298342688586813,3823.0,0.031779015502180874,0.22284801137177068,0.4251138874046072,240.74467803048108,0.8467265586784727,0.3763440860215054
New York,Los Angeles,10011,92802,0.2926982849261952,68721.0,3911008.398132483,0.3143791799863664,5646.0,0.05030804181979942,0.5368911985495255,0.2910717451900786,272.3784132415783,0.6916723480884728,0.29427549194991054
New York,Los Angeles,10011,92626,0.029527346651505776,40577.0,3915748.838402158,0.2973882747961324,1225.0,0.020020619262378525,0.2635820017719033,0.3313420981293673,228.47319317591726,0.7918556451169972,0.4076204169662114
New York,Miami,10012,33131,0.18651593342294445,10410.0,1755527.9110775716,0.5282108629121329,1443.0,0.09839823527215896,0.04184345736405659,0.27379074813234705,329.2840718893035,0.6887593369333058,0.3577889447236181
New York,Miami,10012,33142,0.41032380574792404,86666.0,1753378.1517169771,0.4846197668705333,34591.0,0.1701165606186953,0.6430775521583022,0.2345552566667325,388.0012886576538,0.42220570362896737,0.2536418166238218
New York,Miami,10012,33172,0.547164310408704,63841.0,1758825.0964529829,0.43079763470086513,17619.0,0.05809862866333404,0.44833923041101814,0.4035625343817726,274.0583879395046,0.8016890169770324,0.34856175972927245
New York,Miami,10012,33304,0.029977380823512118,48238.0,1713802.2956096432,0.306559702005988,3280.0,0.08741776093881592,0.2553217362226554,0.2220530291043279,327.53625753494833,0.7864027931589103,0.3805147058823529
New York,Miami,10012,33308,0.01919031445222535,44191.0,1708384.0376427385,0.38417321159828416,5415.0,0.19013773819786361,0.22219675926545035,0.394969142745826,360.22215367742166,0.5681131877332967,0.3588235294117647
New York,Miami,10012,33323,0.07234268907934818,17103.0,1718955.605908896,0.48353946046735413,1237.0,0.02909033135975536,0.25434170454968175,0.2800256375745991,273.6896052099897,0.8162197793801912,0.340793489318413
New York,Miami,10012,33411,0.053522216360838135,40391.0,1655936.609241181,0.47481573404522937,53453.0,0.10763069960746474,0.35066531076285745,0.3381125221812903,377.80021175219053,0.4809938386057375,0.3178861788617886
New York,Miami,10012,33139,0.13982075093200974,61033.0,1753070.2443465565,0.26865493104112176,12560.0,0.06373297026005942,0.2276680430255602,0.25308897218839077,322.53681960359194,0.7699930528469667,0.43087971274685816
New York,Miami,10012,33401,0.1015366955770457,68027.0,1651556.8005419446,0.47020897693506436,10118.0,0.10846569752405755,0.35412232501097807,0.19537116699520485,272.9798527364245,0.847260864569382,0.39081455805892545
New York,Miami,10012,33316,0.013464892472088881,34608.0,1718060.7796888724,0.4733906590729161,9807.0,0.11432714976985092,0.22217694754397166,0.3542108800312259,370.1891408455953,0.5469298306265915,0.31631722880583407
Miami,Los Angeles,33401,90012,0.11371815297223448,3724.0,3747207.5001997333,0.32854631704251386,5499.0,0.11408880616981865,0.049525781107829236,0.11031548718312456,165.94577427581578,0.6706315052807806,0.3164230438521066
Miami,Los Angeles,33401,90015,0.17333230908679395,3508.0,3749739.1913420525,0.26162050879785764,6707.0,0.0684978986411715,0.03669928080739804,0.11141671200575254,117.9703352542494,0.8332037917463366,0.3944396177237185
Miami,Los Angeles,33401,90028,0.049972719497779254,3260.0,3755352.3321141624,0.33166803697023656,523.0,0.08701033519300572,0.07167221597065132,0.11247531577226844,162.52384440444425,0.7691830662808914,0.4160839160839161
Miami,Los Angeles,33401,90036,0.07839987538401266,38314.0,3757397.003415884,0.3191029884296135,6820.0,0.13470205516628175,0.22389834064194192,0.09299667541447354,110.73843054694247,0.8520821080549817,0.41621621621621624
Miami,Los Angeles,33401,90401,0.09475600576668924,41128.0,3770588.9817974255,0.25635000988328416,24039.0,0.08958596176506295,0.30501421152842,0.10527235570470994,96.51942809610924,0.889650150951936,0.40180995475113124
Miami,Los Angeles,33401,90802,0.042622040658553115,13166.0,3744247.6563055906,0.2170648664795848,7895.0,0.12313473367157413,0.001979276854077172,0.12554874057173104,121.63880959627976,0.8185148842092486,0.39630931458699475
Miami,Los Angeles,33401,92648,0.09237924382299756,56205.0,3726335.5702127647,0.2824986279995357,13557.0,0.04575843483872466,0.09542463559434877,0.22033248097711045,134.484199815443,0.7728946582871595,0.411297440423654
Miami,Los Angeles,33401,92802,0.22904898564083576,21068.0,3718047.3622165998,0.45204451424124165,11734.0,0.027229408521106113,0.21861855158340598,0.08629033876258185,184.50474248647376,0.6026701477214255,0.30995260663507107
Miami,Los Angeles,33401,90045,0.0447501472106775,66389.0,3763539.7606710764,0.20859622413162204,10388.0,0.027624316868942844,0.2103209229654831,0.07223315383491924,172.68178826963774,0.6450435870904919,0.42081447963800905
Miami,Los Angeles,33401,92626,0.0754141568132344,49212.0,3716657.7901932998,0.19670738505256974,18605.0,0.09755806960328406,0.05469064519421618,0.12656069170187056,126.0317420335052,0.8747701817525948,0.43844984802431614
New York,Miami,10001,33131,0.10789360814231544,5762.0,1758139.9884433628,0.2935535863527309,5790.0,0.11139227596356804,0.06216464388842047,0.24395609101228077,254.40911933340755,0.8181166098640187,0.37547892720306514
New York,Miami,10001,33139,0.07514790171382828,44861.0,1755683.805536411,0.1995602528275609,5327.0,0.05073892956865034,0.12365994177308315,0.2232543150683245,292.86515668477875,0.8131482623020994,0.44232130219391363
New York,Miami,10001,33142,0.27345136121324387,70494.0,1755985.7217007643,0.3102191768299636,27358.0,0.1571225199272862,0.5390694509058251,0.20472059954666622,326.1824642742157,0.5204649011363506,0.28504043126684636
New York,Miami,10001,33172,0.39883638391398885,47669.0,1761427.1434585075,0.2740870894012523,10386.0,0.04510458797192496,0.3443311291585411,0.3737278772617063,278.8045910669335,0.6849506821701283,0.39972527472527475
New York,Miami,10001,33304,0.016502852121166485,32066.0,1716411.0485303842,0.13823925483628025,10513.0,0.07442372024740684,0.15131363497017836,0.19221837198426162,279.8821180425788,0.8057361554140698,0.4081041968162084
New York,Miami,10001,33308,0.03697834204293377,28019.0,1710992.683940685,0.20292935044909122,1818.0,0.17714369750645453,0.11818865801297329,0.36513448562575973,286.2341698679597,0.7201748914714622,0.3416422287390029
New York,Miami,10001,33323,0.025445000146409352,931.0,1721553.0675508396,0.405202435958312,5996.0,0.01609629066834628,0.1503336032972047,0.2501909804545328,315.23641921580065,0.5660438029477464,0.33383800151400456
New York,Miami,10001,33401,0.058697642267484196,51855.0,1654157.3245076602,0.23037920155524044,2885.0,0.09547165683264847,0.250114223758501,0.16553650987513857,241.74780247191492,0.8184215203651739,0.43186582809224316
New York,Miami,10001,33411,0.020855852613964387,24219.0,1658529.2622049318,0.2710037628091169,46220.0,0.09463665891605566,0.2466572095103804,0.308277865061224,304.2120970638742,0.6451613153628841,0.36303630363036304
New York,Miami,10001,33316,0.02303455202994637,18436.0,1720670.1717238429,0.25911576805972286,17040.0,0.10133310907844184,0.1181688462914946,0.32437622291115964,295.37095320968854,0.7305939505611102,0.3437722419928826
New York,Los Angeles,10001,90012,0.08440871578326652,48131.0,3925739.378763814,0.2571909756462111,8384.0,0.2095604630024671,0.29964000486633025,0.05522102269201401,270.9723233099646,0.7400949852116926,0.318616629874908
New York,Los Angeles,10001,90015,0.15336376251142023,48347.0,3929281.582171522,0.1747349048722662,3822.0,0.02697375819147696,0.21341494295110297,0.05411979786938603,252.4499950485244,0.8104555644007231,0.39357729648991785
New York,Los Angeles,10001,90028,0.012097299404562476,48595.0,3931583.5985583817,0.17281680345967537,2362.0,0.00846132163964275,0.1784420077878497,0.053061194102870135,216.1804801548928,0.8442006533324592,0.41004497751124436
New York,Los Angeles,10001,90036,0.00355735073540488,13541.0,3934813.6740207043,0.12080587817254577,9705.0,0.03923039833363329,0.02621588311655909,0.07253983446066503,250.05399416925937,0.8560136092460953,0.39710365853658536
New York,Los Angeles,10001,90045,0.0015936988477472955,14534.0,3946320.9092374765,0.29092071882669374,13273.0,0.06784733996370562,0.039793300793017905,0.09330335604021933,277.6346520159182,0.7144018514158205,0.37153558052434454
New York,Los Angeles,10001,90401,0.02985633196560465,10727.0,3949323.873620479,0.16656088190973886,21154.0,0.005885695067585517,0.054899987769919,0.06026415417042863,239.65808978626197,0.8550533724454763,0.3795731707317073
New York,Los Angeles,10001,90802,0.03356449366766829,38689.0,3937654.1985684508,0.15286877452086187,10780.0,0.02766307683892566,0.24813494690442384,0.03998776930340753,258.4337439267558,0.8451802772248952,0.3602941176470588
New York,Los Angeles,10001,92626,0.007675838330713637,2643.0,3915976.029008753,0.17797262777716674,21490.0,0.002086412770635593,0.19542357856428483,0.29209720157700914,229.9086775221849,0.8095646929696872,0.4189723320158103
New York,Los Angeles,10001,92648,0.009894896826036722,4350.0,3924771.26222397,0.2376203888665072,16442.0,0.049713221993923806,0.15468958816415224,0.385868990852249,269.8666337285882,0.7766241262948794,0.35174418604651164
New York,Los Angeles,10001,92802,0.20062845803033208,30787.0,3911232.1639858745,0.3797248122889918,14619.0,0.06824224831154235,0.468732775341907,0.2518268486377204,289.1331873030144,0.6677984325643347,0.28159126365054604
New York,Miami,10003,33131,0.18689037407434347,30362.0,1756441.0364996847,0.44021082200291284,30536.0,0.17453805926198074,0.03813514253826811,0.2829579468224701,346.2802333371052,0.8228551179080167,0.36055603822762816
New York,Miami,10003,33139,0.13947892422782424,80985.0,1753982.6774341436,0.15382782683172117,19419.0,0.012406853729762357,0.22395972819977172,0.26225617087851383,249.68780506864968,0.871656268281554,0.4311708860759494
New York,Miami,10003,33142,0.40439739532386276,106618.0,1754293.3495926992,0.3914811678980869,2612.0,0.09397673662887351,0.6393692373325137,0.24372245535685555,417.10789970941573,0.5121451732461195,0.2457312546399406
New York,Miami,10003,33172,0.5490153747160713,83793.0,1759742.7702094135,0.43793596620044817,14360.0,0.018041195326487736,0.44463091558522966,0.41272973307189564,397.9748735787223,0.5661019243113751,0.3611738148984199
New York,Miami,10003,33304,0.02532368115540087,68190.0,1714716.9582035406,0.2714033063633163,35259.0,0.01127793694899415,0.25161342139686693,0.23122022779445095,384.6348918130023,0.7583443101551636,0.3880355699272433
New York,Miami,10003,33308,0.017745029516746832,64143.0,1709298.749543362,0.23642840161363887,26564.0,0.11399791420804184,0.21848844443966187,0.40413634143594906,361.40558933143245,0.8036253521739879,0.37779690189328746
New York,Miami,10003,33316,0.0113146987392188,54560.0,1718975.149132278,0.3568293261298881,41786.0,0.03818732578002915,0.21846863271818318,0.363378078721349,385.90931577250115,0.7595796921891155,0.33039294306335204
New York,Miami,10003,33401,0.09245477221212889,87979.0,1652475.1566451958,0.4039479725189126,21861.0,0.03232587353423577,0.3504140101851896,0.2045383656853279,350.8304433768541,0.7542638535419688,0.4174454828660436
New York,Miami,10003,33411,0.04802451059326129,60343.0,1656858.3553265978,0.3779795496075549,21474.0,0.031490875617642966,0.34695699593706897,0.34727972087141334,400.0487470296589,0.6316518908501427,0.3372177713037145
New York,Miami,10003,33323,0.06881993928313908,37055.0,1719875.2892575504,0.5549957113103848,30742.0,0.047049492630066414,0.25063338972389326,0.28919283626472214,438.5681246967226,0.41785331839919526,0.32842287694974004
New York,Los Angeles,10003,90012,0.15530377240808918,84255.0,3926546.697382898,0.16944839066022438,16362.0,0.14641467970405442,0.3999397912930188,0.09422287850220334,334.05688138399427,0.8401004933378292,0.33704020530367834
New York,Los Angeles,10003,90015,0.2575963158688236,84471.0,3930088.049164606,0.2498753590530488,28568.0,0.036172025106935735,0.31371472937779155,0.09312165367957537,356.4337245547901,0.7652496621941355,0.36872909698996653
New York,Los Angeles,10003,90028,0.04955808591002869,84719.0,3932394.43924126,0.16528829857255495,22384.0,0.054684461658769945,0.27874179421453826,0.09206304991305947,281.80134847086873,0.888507166162254,0.39644970414201186
New York,Los Angeles,10003,90036,0.005140619716482526,49665.0,3935623.4096740806,0.1909052354398122,15041.0,0.10237618163204598,0.12651566954324767,0.11154169027085437,343.6757192470833,0.8611166917651444,0.3815676141257537
New York,Los Angeles,10003,90045,0.022488375607253256,21590.0,3947125.284664844,0.3744843758920125,11473.0,0.0047015566652929275,0.14009308721970648,0.13230521185040867,360.58424813072463,0.7404477580274769,0.36689419795221845
New York,Los Angeles,10003,90401,0.00749155841280649,46851.0,3950133.612516774,0.22765096468537116,45900.0,0.05726008823082718,0.045399798656769574,0.09926600998061796,334.619186538967,0.8488279345251712,0.39664310954063603
New York,Los Angeles,10003,90802,0.08708842222402859,74813.0,3938444.3769570882,0.22347073228689296,13966.0,0.09080886013733835,0.3484347333311124,0.07898962511359686,343.8284455946017,0.888962776156081,0.34746467165419787
New York,Los Angeles,10003,92626,0.03510320366098446,38767.0,3916756.3572001327,0.2817906145564116,3256.0,0.06523219606904829,0.2957233649909734,0.33109905738719847,327.9664616999732,0.7679972772341703,0.3838964773544213
New York,Los Angeles,10003,92802,0.31384606224236294,66911.0,3912019.5895099337,0.32430442189085273,10127.0,0.0050964650131296585,0.5690325617685956,0.29082870444790976,370.26477013078085,0.696574578910731,0.291324200913242
New York,Los Angeles,10003,92648,0.005699673462124911,31774.0,3925553.702959524,0.22526766605764817,8304.0,0.013432561304488888,0.2549893745908408,0.42487084666243835,348.3417861813308,0.8393145590164665,0.3591666666666667
Miami,Los Angeles,33316,90012,0.1931964125759132,29695.0,3770698.765632052,0.2973821841408961,25424.0,0.10822735392402527,0.18147115857483564,0.26915520021914563,141.66862743741115,0.692706303602734,0.31477927063339733
Miami,Los Angeles,33316,90036,0.02144184421856705,4895.0,3780894.155100187,0.32459172302651224,26745.0,0.14056350741207513,0.09195296317493551,0.2518363884504946,125.21581369779138,0.7006351720902233,0.3659244917715392
Miami,Los Angeles,33316,90045,0.029521559616447427,32970.0,3786794.5831360635,0.16951787547099553,30313.0,0.03348576911473622,0.0783755454984767,0.2310728668709403,131.65485179058157,0.746739333376686,0.39643211100099107
Miami,Los Angeles,33316,90401,0.0037716120536715617,7709.0,3793981.60629283,0.2550518911821474,4114.0,0.09544741401085632,0.1730688340614136,0.264112068740731,135.20355024924456,0.7090147937311064,0.3488824101068999
Miami,Los Angeles,33316,90802,0.08035111005712682,20253.0,3767142.835941334,0.17084447839350825,27820.0,0.1289961859173675,0.12996610061292924,0.2843884536077521,95.4358423235212,0.8149997243965773,0.38910505836575876
Miami,Los Angeles,33316,92626,0.03694795251951559,15793.0,3739418.7425031965,0.20565741817330596,38530.0,0.10341952184907743,0.07725473227279023,0.032279021334150504,194.82299658921173,0.6684574634825212,0.3746031746031746
Miami,Los Angeles,33316,92648,0.006819337222834251,22786.0,3749094.5969098834,0.18166821627480678,33482.0,0.051619887084518035,0.036520741872657636,0.06149276794108938,105.89617556833674,0.7946168516432398,0.39883268482490275
Miami,Los Angeles,33316,90015,0.26093080278920533,29911.0,3773179.4607651345,0.28368879538857333,13218.0,0.07435935088696488,0.09524609665960837,0.2702564250417736,143.7463043003193,0.6683375574097403,0.3545966228893058
Miami,Los Angeles,33316,90028,0.048732279971721894,30159.0,3778905.6342091435,0.2915872619211615,19402.0,0.09287178743879909,0.06027316149635509,0.2713150288082895,168.949696655543,0.7767397167643347,0.3559479553903346
Miami,Los Angeles,33316,92802,0.30190156259158724,12351.0,3741054.42575758,0.35202478983766194,31659.0,0.03309086076689949,0.3505639290504124,0.07254937427343922,145.5403724057349,0.6947741562841827,0.324295010845987
Miami,Los Angeles,33323,90012,0.07288102337774066,47200.0,3749907.793551099,0.5544832148423608,14380.0,0.19346417233412083,0.14930640156912556,0.1949699577625188,248.02419236840586,0.33741853427314944,0.30809674027339645
Miami,Los Angeles,33323,90015,0.0866064965308648,47416.0,3752385.587857467,0.35713981699277114,2174.0,0.01087746752313068,0.06308133965389828,0.19607118258514677,172.33397807745285,0.6842587637749925,0.36438923395445133
Miami,Los Angeles,33323,90028,0.005364358354606495,47664.0,3758118.1121048126,0.47514672073776343,8358.0,0.007634969028703531,0.028108404490645,0.19712978635166267,255.76942741461497,0.4457730780783746,0.38134715025906735
Miami,Los Angeles,33323,90036,0.04766744529523155,12610.0,3760103.4278044566,0.4560214386783037,15701.0,0.05532668900197957,0.1241177201806456,0.17765114599386778,178.18249072229293,0.6470830654163107,0.3817204301075269
Miami,Los Angeles,33323,90045,0.0160355943411565,15465.0,3765990.242014171,0.3760931491026791,19269.0,0.05175104929535934,0.11054030250418678,0.15688762441431348,247.77207267971102,0.34217635146518044,0.3591101694915254
Miami,Los Angeles,33323,90401,0.07962092331158972,9796.0,3773184.877862343,0.3406316699829889,15158.0,0.010210595600760763,0.2052335910671237,0.18992682628410418,161.35674761223964,0.72476918097427,0.35262593783494106
Miami,Los Angeles,33323,90802,0.002954259418060903,37758.0,3746319.1061729244,0.4561879813753973,16776.0,0.04375936750727194,0.09780134360721915,0.21020321115112528,207.42227459942677,0.4943940570783229,0.33675564681724846
Miami,Los Angeles,33323,92626,0.01744828368830735,1712.0,3718588.1183417374,0.2962204814561949,27486.0,0.018182703438981873,0.04508997526708014,0.04190622112247633,170.9151836438179,0.761852946149636,0.37264957264957266
Miami,Los Angeles,33323,92648,0.05014545267729294,5281.0,3728263.791405622,0.43890518336064344,22438.0,0.033616931325577526,0.004355984866947549,0.1356780103977162,212.21215799289163,0.4831986113676838,0.3723849372384937
Miami,Los Angeles,33323,92802,0.11699533702787303,29856.0,3720236.924821162,0.5300426754521375,20615.0,0.05214595764319607,0.3183991720447023,0.0016358681831876165,253.5547278202479,0.32339170159439756,0.3176895306859206
Miami,Los Angeles,33142,90036,0.3372711718284013,56953.0,3782561.708373018,0.35876292204897664,17653.0,0.1963529182609195,0.512853567789266,0.13218076508600118,174.54512310574592,0.5501654307811303,0.3
Miami,Los Angeles,33142,90401,0.4353720973173411,59767.0,3795589.979152682,0.29119477813616435,48512.0,0.1512368248597007,0.5939694386757441,0.14445644537623759,187.725863961256,0.5230516863896487,0.24513274336283186
Miami,Los Angeles,33142,90802,0.11701025393650509,31805.0,3768480.9572576964,0.2542126970802795,16578.0,0.18478559676621187,0.2909345040014013,0.1647328302432587,166.61032380978077,0.574680066657095,0.2839396628216504
Miami,Los Angeles,33142,92648,0.35508291024444005,74844.0,3750360.2181718163,0.251394001360116,10916.0,0.1074092979333624,0.3843798627416729,0.1811483913055828,156.65567337316577,0.6400901421992675,0.3102517985611511
Miami,Los Angeles,33142,92802,0.051823322697577764,39707.0,3742457.298419299,0.44443037169285576,12739.0,0.08888027161574386,0.07033667556391815,0.04710624909105421,193.45542122153103,0.5215215447150022,0.27703398558187436
Miami,Los Angeles,33142,90012,0.14865693527451504,22363.0,3772364.3395139826,0.34822586242654335,18974.0,0.052437943075180904,0.2394294460394949,0.1494995768546522,192.26284092356485,0.5118854228668616,0.24239713774597496
Miami,Los Angeles,33142,90028,0.17499454123762564,21899.0,3780604.369826812,0.35108039044574985,24996.0,0.14866119828764346,0.36062744311797545,0.15165940544379608,215.78461483618335,0.559843220154871,0.30335097001763667
Miami,Los Angeles,33142,90045,0.23890075358638335,85028.0,3788327.989321287,0.09635886582157363,14085.0,0.08927517996358059,0.49927615011280724,0.11141724350644688,140.76221083799445,0.7403114314481223,0.3053016453382084
Miami,Los Angeles,33142,92626,0.22369245624716186,67851.0,3740686.6439539953,0.2128988061839475,5868.0,0.1592089326979218,0.3436458723415403,0.08737660203034292,211.44975762577738,0.5942162189667392,0.3245083207261725
Miami,Los Angeles,33142,90015,0.050920528897896694,22147.0,3774816.6381618935,0.29187350556821695,31180.0,0.13014876173580925,0.32565450795472217,0.15060080167728018,184.40715821247286,0.5421179765677875,0.30741733690795353
New York,Los Angeles,10012,90012,0.15448755477811701,64303.0,3925847.9465010283,0.37637953264124224,15617.0,0.2225545036938762,0.4036481061188073,0.08505567981208029,343.55203390461827,0.6163593382824382,0.3399602385685885
New York,Los Angeles,10012,90015,0.2564047457014382,64519.0,3929388.991622177,0.25964481142235446,3411.0,0.03996779888288604,0.31742304420358003,0.08395445498945231,290.80061898145954,0.8225380540264431,0.3765730880929332
New York,Los Angeles,10012,90036,0.004939712238645736,29713.0,3934925.528809705,0.19944655994253196,16938.0,0.026236357642224206,0.13022398436903615,0.10237449158073131,291.84413648384304,0.8619072727253649,0.41302136317395727
New York,Los Angeles,10012,90045,0.024004713766267647,1638.0,3946425.474158852,0.47980761939674343,20506.0,0.0808413806551147,0.14380140204549496,0.12313801316028561,362.6472114879694,0.5355863709265698,0.3452958292919496
New York,Los Angeles,10012,90401,0.009864037238368152,26899.0,3949435.7318673884,0.2506770756825999,13921.0,0.018879735758994598,0.04910811348255806,0.0900988112904949,268.3579698835121,0.9010106116542035,0.3924566768603466
New York,Los Angeles,10012,90802,0.08981818579575414,54861.0,3937739.4909973065,0.36082170406725833,18013.0,0.014669036147516579,0.3521430481569009,0.0698224264234738,323.02941042573815,0.7516172791083586,0.340324118207817
New York,Los Angeles,10012,92626,0.03437747448652101,18815.0,3916047.9786391645,0.3237790051997811,28723.0,0.010907627920773488,0.2994316798167619,0.3219318586970754,252.5311861929136,0.8414452726156543,0.37681159420289856
New York,Los Angeles,10012,92648,0.005581871107547158,11822.0,3924846.07126217,0.36031474720652223,23675.0,0.06270726268533289,0.2586976894166293,0.4157036479723153,332.6950555689098,0.6885850509691305,0.35372848948374763
New York,Los Angeles,10012,92802,0.3117846155260652,46959.0,3911313.72651328,0.38227545669807234,21852.0,0.08123628900295143,0.572740876594384,0.2816615057577867,365.84969591349943,0.520526048337271,0.2976190476190476
New York,Los Angeles,10012,90028,0.05075525706908094,64767.0,3931696.9570844765,0.23371890423714123,9595.0,0.02145536233105183,0.28245010904032675,0.08289585122293641,299.81661061388843,0.725918686363879,0.3951456310679612
New York,Miami,10013,33131,0.1829959913940183,30401.0,1754742.4638977062,0.4837196248858837,4926.0,0.1866628743910388,0.07343991868545163,0.24077912526853318,251.09360804289702,0.7942429419495036,0.370336669699727
New York,Miami,10013,33172,0.5116394012881375,83832.0,1758036.3965238426,0.45584859004487444,11250.0,0.03016601045554579,0.3330558543615099,0.3705509115179587,294.5640847082346,0.6099295193722605,0.36427457098283933
New York,Miami,10013,33308,0.06729937970748236,64182.0,1707597.456148021,0.2802338018152342,954.0,0.10187309907898379,0.10691338321594213,0.36195751988201214,261.1091725696361,0.7860113894433822,0.36010591350397175
New York,Miami,10013,33316,0.052860521322461496,54599.0,1717274.44291819,0.39940951496784594,16176.0,0.026062510650971094,0.10689357149446344,0.32119925716741204,287.9305471810867,0.7147812081368718,0.3269709543568465
New York,Miami,10013,33323,0.07744599900745745,37094.0,1718165.4750408337,0.5618595322170834,5132.0,0.05917430775912447,0.13905832850017352,0.2470140147107852,325.9018257082952,0.49506453002063927,0.3318264014466546
New York,Miami,10013,33401,0.10985336954954772,88018.0,1650767.6180905262,0.42739508358496603,3749.0,0.02020105840517772,0.23883894896146984,0.16235954413139098,245.06325713986584,0.7797283069725778,0.41365461847389556
New York,Miami,10013,33411,0.06506948115117145,60382.0,1655145.0135824133,0.4272284673448973,47084.0,0.019366060488584913,0.23538193471334923,0.3051008993174764,304.62600020352824,0.592938361890378,0.3464746019711903
New York,Miami,10013,33304,0.05808276820369914,68229.0,1713015.7491831838,0.26904736851565764,9649.0,0.0008468781800639036,0.1400383601731472,0.18904140624051402,274.33191575170395,0.7808894085846568,0.39949324324324326
New York,Miami,10013,33139,0.14594972515596188,81024.0,1752285.2936180318,0.2111484725657514,6191.0,0.02453166885882041,0.11238466697605198,0.2200773493245769,262.67089675104853,0.860077470294283,0.4430693069306931
New York,Miami,10013,33142,0.3760199423725787,106657.0,1752591.2207654957,0.4535887392984199,28222.0,0.08185192149981546,0.527794176108794,0.20154363380291862,322.6065715387707,0.4944960464350823,0.24461538461538462
New York,Los Angeles,10013,90012,0.09194494093638794,84294.0,3925307.6158589222,0.2442155838749441,9248.0,0.13428986457499636,0.2883647300692991,0.052044056948266415,238.49947589040946,0.8189764380340089,0.3324468085106383
New York,Los Angeles,10013,90028,0.0488342751402605,84758.0,3931157.7514229994,0.16280998053967688,3226.0,0.066809276787828,0.16716673299081852,0.04988422835912254,208.72469906553943,0.8421122464459465,0.39404553415061294
New York,Los Angeles,10013,90036,0.00787960759833206,49704.0,3934385.9694905737,0.14619024435669442,10569.0,0.11450099676110403,0.014940608319527926,0.06936286871691744,236.8184958992857,0.8673697601444942,0.4139194139194139
New York,Los Angeles,10013,90401,0.0481455885255017,46890.0,3948896.1723159337,0.25319862521589637,20290.0,0.06938490335988523,0.06617526256695017,0.057087188426681035,231.55992744859807,0.8492083523069844,0.39669421487603307
New York,Los Angeles,10013,90802,0.08378712001073953,74852.0,3937193.7158413203,0.26191461246734615,11644.0,0.10293367526639641,0.23685967210739267,0.03681080355965993,245.56465543721882,0.8557877108401012,0.36094158674803833
New York,Los Angeles,10013,92626,0.03616686412825368,38806.0,3915499.102307995,0.32054754155556997,22354.0,0.07735701119810634,0.18414830376725366,0.28892023583326154,237.25513693068902,0.772577915596683,0.4118092354277063
New York,Los Angeles,10013,92648,0.02781372199625752,31813.0,3924297.8581276215,0.28993307081269637,17306.0,0.02555737643354694,0.14341431336712107,0.3826920251085014,255.58168948498638,0.79391995562441,0.3768624014022787
New York,Los Angeles,10013,90015,0.20873491533037714,84510.0,3928848.3888829825,0.2683874010531975,2958.0,0.04829684023599379,0.2021396681540718,0.05094283212563844,252.29546171106605,0.7773021885091104,0.38576449912126537
New York,Los Angeles,10013,90045,0.024281321756574784,21629.0,3945884.203022697,0.44579450698503453,14137.0,0.0074232584637651255,0.02851802599598674,0.09012639029647174,276.80498550423545,0.6824760587920075,0.36460176991150445
New York,Los Angeles,10013,92802,0.27435532233870824,66950.0,3910767.0845945827,0.33943300504788876,15483.0,0.0070283501159283945,0.45745750054487583,0.24864988289397283,278.48518811599297,0.6729227280942564,0.2846299810246679
New York,Miami,10014,33131,0.23433977427299207,29388.0,1756166.124223023,0.45586634474724075,6483.0,0.06968261588550206,0.051674368434154405,0.2874900114297628,207.6872648960451,0.8131173531974025,0.3624733475479744
New York,Miami,10014,33139,0.17630786324057338,80011.0,1753709.9838654986,0.15259804312919625,4634.0,0.09244858964671632,0.23749895409565802,0.26678823548580655,263.10834270315337,0.8810083317893769,0.4005524861878453
New York,Miami,10014,33142,0.5004679757062959,105644.0,1754011.7585995197,0.42426189894036,26665.0,0.1988321800053522,0.6529084632284,0.24825451996414827,288.77153599342165,0.4836595466477382,0.24663677130044842
New York,Miami,10014,33172,0.6349048859559326,82819.0,1759453.1194074464,0.4330651099917543,9693.0,0.08681424804999094,0.45817014148111596,0.41726179767918836,278.5857139194327,0.5585311873205338,0.3112068965517241
New York,Miami,10014,33304,0.04051153166837765,67216.0,1714437.1071462783,0.2528968110839481,11206.0,0.11613338032547282,0.26515264729275323,0.23575229240174367,239.14430789797194,0.7534075245384704,0.35450236966824644
New York,Miami,10014,33308,0.0036779111204033204,63169.0,1709018.7404994518,0.2635272364403156,2511.0,0.2188533575845205,0.23202767033554816,0.4086684060432418,222.9035665932692,0.78185528587872,0.35360824742268043
New York,Miami,10014,33316,0.008971456255215645,53586.0,1718696.2432822573,0.3787125084344852,17733.0,0.14304276915650782,0.23200785861406947,0.3679101433286417,245.00612237248276,0.7284232930895095,0.3107074569789675
New York,Miami,10014,33401,0.13924942353562536,87005.0,1652183.294985955,0.41441569468058287,2192.0,0.13718131691071445,0.3639532360810759,0.20907043029262062,219.54953882893946,0.7495355850820037,0.3678571428571429
New York,Miami,10014,33323,0.11077271220472404,36081.0,1719579.0412716775,0.5384233381362384,6689.0,0.05780595074641226,0.26417261561977956,0.29372490087201486,306.60071754645327,0.4412531864344037,0.3230605738575983
New York,Miami,10014,33411,0.08489681547736505,59369.0,1656555.2787076707,0.4031417703788831,45527.0,0.13634631899412164,0.36049622183295527,0.35181178547870606,272.0606550017845,0.5616241322318284,0.286783042394015
New York,Los Angeles,10014,90012,0.2681841232589832,83281.0,3925113.789178816,0.22878832561179746,7691.0,0.2512701230805331,0.4134790171889051,0.09875494310949606,213.2604042010612,0.7803548358339497,0.34635691657866946
New York,Los Angeles,10014,90015,0.35521683753955835,83497.0,3928655.21190959,0.2527941231874271,4515.0,0.06868341826954294,0.32725395527367784,0.09765371828686809,221.37976420621646,0.756000769323331,0.34228855721393037
New York,Los Angeles,10014,90028,0.09489148716336819,83745.0,3930961.2403480504,0.13928830668286568,1669.0,0.05017098171770873,0.29228102011042456,0.09659511452035219,159.84367363145782,0.8794211070042567,0.3847715736040609
New York,Los Angeles,10014,90036,0.040636862365754166,48691.0,3934190.301597005,0.16058198702924326,9012.0,0.0024792617444326925,0.14005489543913396,0.11607375487814708,201.938109330557,0.8501193777746268,0.3881856540084388
New York,Los Angeles,10014,90045,0.0648143860939651,20616.0,3945692.622752712,0.4081927874402489,12580.0,0.1095570000417716,0.15363231311559278,0.13683727645770138,239.49739038244238,0.6874342055146934,0.35046248715313466
New York,Los Angeles,10014,90401,0.0055260710094647,45877.0,3948700.5043196697,0.2185804817842392,21847.0,0.0475953551456515,0.05893902455265587,0.10379807458791068,191.6820283699022,0.8545893978325398,0.3933189655172414
New York,Los Angeles,10014,90802,0.14057157390696817,73839.0,3937012.941658968,0.24200361521665356,10087.0,0.01404658323914032,0.3619739592269987,0.08352168972088958,199.1883530731654,0.8790497344571148,0.37422680412371134
New York,Los Angeles,10014,92626,0.07262178553986934,37793.0,3915325.811206009,0.28807566046837435,20797.0,0.03962324730743039,0.3092625908868597,0.3356311219944912,221.53103620034824,0.738374558059645,0.3374183006535948
New York,Los Angeles,10014,92648,0.01899031759765357,30800.0,3924122.963645845,0.25517809263953306,15749.0,0.09142288207198979,0.2685286004867271,0.42940291126973107,213.00234740490538,0.8082939531195343,0.33102081268582756
New York,Los Angeles,10014,92802,0.3991293085355763,65937.0,3910588.399362833,0.3092358457798678,13926.0,0.10995190838960833,0.5825717876644818,0.2953607690552025,235.55466456854552,0.6997707646489377,0.30324074074074076
New York,Miami,10018,33131,0.14445974565865424,23286.0,1758763.7498582231,0.235805282456543,14525.0,0.09967082478265743,0.02665679329480808,0.2205336490865163,171.21915780659592,0.8397071661654707,0.3814074717636838
New York,Miami,10018,33172,0.44342078703222426,76717.0,1762052.680934384,0.2605550797456654,30701.0,0.05682603915283557,0.37983897975215347,0.35030543533594183,245.8698842884179,0.595592894598058,0.3668903803131991
New York,Miami,10018,33304,0.04703041282013211,61114.0,1717035.4107368842,0.165503069558211,9802.0,0.08614517142831746,0.18682148556379075,0.16879593005849713,204.39178065665948,0.7726391040091177,0.38725099601593627
New York,Miami,10018,33308,0.06867642044846405,57067.0,1711617.0651021926,0.15983307219261592,18497.0,0.18886514868736515,0.15369650860658568,0.34171204369999525,197.04821744943547,0.7676195581297781,0.34408602150537637
New York,Miami,10018,33316,0.05150774751328483,47484.0,1721294.4193772282,0.19926830705197432,3275.0,0.11305456025935245,0.153676696885107,0.30095378098539516,206.84293558156634,0.7657206841260564,0.33996815286624205
New York,Miami,10018,33323,0.053349840307055585,29979.0,1722179.377863158,0.3972322687310159,14319.0,0.027817741849256894,0.18584145389081708,0.22676853852876833,284.3237591197753,0.43384256960018686,0.32173174872665533
New York,Miami,10018,33401,0.08728942395368583,80903.0,1654783.1190537855,0.19140371300042736,23200.0,0.10719310801355908,0.2856220743521134,0.1421140679493741,191.5202339179858,0.7589325523368884,0.39169811320754716
New York,Miami,10018,33411,0.047051659375231994,53267.0,1659156.3580319984,0.19938456051118877,66535.0,0.10635811009696627,0.2821650601039928,0.28485542313545953,226.31173190977086,0.6444708922257015,0.33716750539180446
New York,Miami,10018,33139,0.11285180870909896,73909.0,1756307.2939939478,0.17963318695508354,25642.0,0.06246038074956095,0.15916779236669554,0.19983187314256,288.99134935149874,0.8627273991572827,0.42757009345794394
New York,Miami,10018,33142,0.3133246720103943,99542.0,1756610.2957270104,0.2263449536963437,47673.0,0.16884397110819682,0.5745773014994375,0.18129815762090173,244.73455007415689,0.5606217195106428,0.2972560975609756
New York,Los Angeles,10018,90012,0.06680864298756659,77179.0,3926095.2541682823,0.19794437589936675,28699.0,0.22128191418337773,0.33514785545994263,0.03179858076624953,177.10448893238137,0.809940352043512,0.31374172185430466
New York,Los Angeles,10018,90015,0.16490865960440015,77395.0,3929637.682966462,0.14663951370023018,16493.0,0.03869520937238757,0.24892279354471536,0.03069735594362155,177.46830702973418,0.8116528793884709,0.3969722455845248
New York,Los Angeles,10018,90036,0.006730396622549085,42589.0,3935168.9083294305,0.17414844279033917,30020.0,0.027508947152722674,0.06172373371017148,0.04911739253490055,174.63962895059072,0.8421481633816124,0.39145299145299145
New York,Los Angeles,10018,90045,0.013096718734817272,14514.0,3946677.562790614,0.21043057682651523,33588.0,0.07956879114461624,0.0753011513866303,0.06988091411445485,186.2283544468994,0.7804555507957643,0.3629505448449287
New York,Los Angeles,10018,90401,0.05214281655827149,39775.0,3949679.106416255,0.1528301964533515,839.0,0.01760714624849613,0.019392137176306612,0.03684171224466415,169.941166289984,0.8357089535237692,0.3729683490162532
New York,Los Angeles,10018,90802,0.056763673459872536,67737.0,3938014.593973581,0.10071806222465728,31095.0,0.015941625658015046,0.2836427974980362,0.016565327377643047,171.743995528228,0.8674470232632429,0.3742690058479532
New York,Los Angeles,10018,92626,0.02261063080025027,31691.0,3916339.0052558524,0.12801390901269286,41805.0,0.00963503841027502,0.23093142915789722,0.26867475965124465,191.34785078489907,0.7667958114748379,0.3822695035460993
New York,Los Angeles,10018,92648,0.026501911995388927,24698.0,3925133.685879674,0.18391003700334022,36757.0,0.06143467317483442,0.19019743875776463,0.36244654892648454,185.73637231301788,0.801808116113727,0.3357546408393866
New York,Los Angeles,10018,92802,0.22490577327639688,59835.0,3911593.282905635,0.3692812967882751,34934.0,0.07996369949245297,0.5042406259355194,0.22840440671195594,200.82828486047478,0.7305837258215652,0.3013574660633484
New York,Los Angeles,10018,90028,0.02991489986695265,77643.0,3931938.539835845,0.18812817940484117,22677.0,0.020182772820553363,0.21394985838146208,0.029638752177105654,141.16656828017037,0.8769346279780412,0.4084033613445378
New York,Miami,10019,33131,0.1188112633637987,1633.0,1760072.801558263,0.3240570103556627,20987.0,0.13636934319276195,0.013378758568292626,0.21516900476481116,304.4634625041238,0.8534244144114128,0.3918918918918919
New York,Miami,10019,33139,0.08438757048197508,48990.0,1757616.0590061157,0.08713547384733714,9870.0,0.02576186233945643,0.19920334422979624,0.19446722882085488,221.47686109388493,0.8971072224919929,0.4691865242399343
New York,Miami,10019,33142,0.301929804282134,74623.0,1757920.191370609,0.29912883011321406,12161.0,0.1321454526980923,0.6146128533625382,0.1759335132991966,378.8152584044101,0.5385392768629029,0.2736356648731745
New York,Miami,10019,33172,0.42037046331064526,51798.0,1763363.557560294,0.3219588197594687,4811.0,0.020127520742731053,0.4198745316152542,0.3449407910142367,363.7966464936146,0.5794603715162578,0.37856592135697764
New York,Miami,10019,33304,0.021595200974662342,36195.0,1718345.0882237358,0.15964643394767702,25710.0,0.04944665301821294,0.22685703742689145,0.163431285736792,343.8458957149263,0.7933324455563832,0.4312236286919831
New York,Miami,10019,33308,0.03292229629982283,32148.0,1712926.7622454225,0.1436303986466306,17015.0,0.15216663027726063,0.19373206046968638,0.3363473993782901,314.07642382070003,0.8610194398559735,0.4094558429973238
New York,Miami,10019,33316,0.021378118156839765,22565.0,1722603.9782013767,0.24182789407096936,32237.0,0.07635604184924794,0.1937122487482077,0.29558913666369,343.4501419420292,0.8042161179087717,0.3776282590412111
New York,Miami,10019,33323,0.035368380955167235,5060.0,1723491.0255834504,0.44844084628344244,21193.0,0.008880776560847625,0.22587700575391778,0.2214038942070632,408.19113170180464,0.4161371449075074,0.3428063943161634
New York,Miami,10019,33401,0.07422527662449135,55984.0,1656094.2547197181,0.2780008315897456,12312.0,0.07049458960345456,0.3256576262152141,0.13674942362766895,314.7284543856815,0.7669648420493659,0.4519774011299435
New York,Miami,10019,33411,0.030532132585441,28348.0,1660468.7740199512,0.26714398595925753,31023.0,0.06965959168686175,0.3222006119670935,0.2794907788137544,357.7638886192959,0.6756031363298085,0.3656884875846501
Miami,Los Angeles,33131,90012,0.10502103326509933,53893.0,3780868.9968027063,0.35795673801259836,14174.0,0.32095273896603516,0.3618046487547507,0.18873506832026676,133.34916572667413,0.7560644749722386,0.31921487603305787
Miami,Los Angeles,33131,90015,0.03295733419456631,54109.0,3783320.5520147006,0.33343303145601816,1968.0,0.138366034155045,0.27557958683952344,0.18983629314289474,135.49538737536417,0.7421158953602611,0.37296747967479676
Miami,Los Angeles,33131,90028,0.05081734505293924,54357.0,3789109.875464836,0.39753876212823613,8152.0,0.11985359760321079,0.24060665167627016,0.19089489690941064,146.27371602581238,0.8212884742250727,0.3714859437751004
Miami,Los Angeles,33131,90045,0.09440194836351821,8772.0,3796829.1344287507,0.21120061622170974,19063.0,0.17923961592727367,0.10195794468143837,0.15065273497206144,148.23967080373595,0.700514811059489,0.3483606557377049
Miami,Los Angeles,33131,90401,0.20716462313416822,16489.0,3804093.1116240406,0.3275700504470761,15364.0,0.11727797103115356,0.007264656118501467,0.18369193684185214,114.16654501210063,0.8160410948937065,0.3689217758985201
Miami,Los Angeles,33131,90036,0.1467601396391296,19303.0,3791066.405121155,0.38172627139712306,15495.0,0.07216187762993476,0.08838052700497956,0.17141625655161574,118.13128290169374,0.7832692892173236,0.3772204806687565
Miami,Los Angeles,33131,90802,0.0347908316783704,44451.0,3776976.750944635,0.2591085570578864,16570.0,0.08372919912464238,0.3102995907928443,0.20396832170887325,93.25234581499814,0.8626967710202367,0.37770897832817335
Miami,Los Angeles,33131,92626,0.062174693011154004,8405.0,3749180.4786108863,0.25550711170184676,27280.0,0.10930586319293245,0.2575882224527053,0.04814111056472836,176.8841428732378,0.728958014540074,0.32390953150242324
Miami,Los Angeles,33131,92648,0.1386628208416277,1412.0,3758853.974716647,0.34133540557914593,22232.0,0.16110549795749185,0.2168542320525727,0.14191289983996824,122.25383429569807,0.7686686923644441,0.3264299802761341
Miami,Los Angeles,33131,92802,0.02664079588334083,36549.0,3750954.9359458424,0.5238667849387668,20409.0,0.1796345242751104,0.5308974192303275,0.00787075762543965,159.43023552638942,0.6632871301661032,0.31010452961672474
Miami,Los Angeles,33139,90012,0.1039846613093306,3270.0,3783222.103380692,0.2251435553163133,3057.0,0.15882153343381678,0.1759800630932471,0.16803329237631048,368.26620806150544,0.7832340971558527,0.3415710503089144
Miami,Los Angeles,33139,90015,0.05118728629590488,3486.0,3785675.934663987,0.19698664591184828,9149.0,0.023765171377173377,0.08975500117801982,0.16913451719893846,368.9132689400044,0.7884082359581238,0.40316901408450706
Miami,Los Angeles,33139,90028,0.030461140231649062,3734.0,3791460.360006126,0.10361175561228576,2965.0,0.04227760792900759,0.05478206601476654,0.17019312096545436,297.9060254509801,0.893021563012217,0.4587488667271079
Miami,Los Angeles,33139,90036,0.10822053520872656,31320.0,3793419.3884200724,0.17500355637649215,4378.0,0.08996932790228362,0.09744405865652406,0.15071448060765946,371.96370790710216,0.8220227095148754,0.4281793229643184
Miami,Los Angeles,33139,90045,0.06453932242106518,59395.0,3799192.836589998,0.28167630054024795,7946.0,0.017108410395055285,0.08386664098006524,0.12995095902810516,384.84672273516895,0.717628263115859,0.39820627802690584
Miami,Los Angeles,33139,90401,0.15326062358886378,34134.0,3806450.8635948123,0.15274329820430743,26481.0,0.04485323450106482,0.17855992954300215,0.16299016089789586,348.3791038509629,0.8671827552394061,0.41751152073732717
Miami,Los Angeles,33139,90802,0.021407446678819393,6172.0,3779355.897890653,0.15517556400409838,5453.0,0.078402006407576,0.12447500513134069,0.18326654576491697,362.02762325546377,0.8933904994488607,0.4267631103074141
Miami,Los Angeles,33139,92626,0.03857835559338625,42218.0,3751565.0893572383,0.1929789961385177,16163.0,0.05282534233928593,0.07176363679120168,0.06884288650868464,349.70844999799476,0.755581417211817,0.41291291291291293
Miami,Los Angeles,33139,92648,0.09738414545469641,49211.0,3761238.79937148,0.13329276427282172,11115.0,0.001025707574726531,0.031029646391069088,0.16261467578392452,372.0645105354715,0.8191435341159108,0.4090505767524401
Miami,Los Angeles,33139,92802,0.051103095971088655,14074.0,3753328.8577987347,0.24580941090916378,9292.0,0.017503318742892016,0.34507283356882384,0.02857253356939593,368.17387196812325,0.7721010279512975,0.3428011753183154
New York,Los Angeles,10019,90012,0.0943682939024347,52260.0,3926668.4288811586,0.16305044301494526,6813.0,0.1845833957732732,0.37518340732304334,0.026433936444544393,307.61014287568605,0.8157519187373031,0.3385416666666667
New York,Los Angeles,10019,90015,0.16819878293174573,52476.0,3930211.3535562833,0.16180094980024076,19019.0,0.001996690962283054,0.28895834540781606,0.025332711621916415,323.0619135707581,0.7663824927538394,0.40889276373147343
New York,Los Angeles,10019,90028,0.017996772465039192,52724.0,3932509.6584114013,0.11128228514530089,12835.0,0.016515745589551156,0.2539854102445628,0.024274107855400517,243.79089400549807,0.9017802157207161,0.4232111692844677
New York,Los Angeles,10019,90036,0.0015739753372208637,17670.0,3935740.671500366,0.14376137733035282,5492.0,0.06420746556282719,0.10175928557327218,0.043752748213195414,314.40578875077983,0.8412397290156146,0.3947136563876652
New York,Los Angeles,10019,90045,0.005090794477885043,10405.0,3947252.449096221,0.27107654701541417,1924.0,0.042870272734511716,0.115336703249731,0.06451626979274971,317.683805064092,0.7775517766022825,0.3978779840848806
New York,Los Angeles,10019,90401,0.026564737080128846,14856.0,3950250.8652939354,0.1318591604040843,36351.0,0.01909137216160839,0.020643414686794093,0.03147706792295901,300.7956116701173,0.8493815594156177,0.4104882459312839
New York,Los Angeles,10019,92626,0.009352865502872537,6772.0,3916927.828161099,0.1679949463208047,6293.0,0.0270634799998295,0.2709669810209979,0.2633101153295395,297.28101183896695,0.7694192452251676,0.4294294294294294
New York,Los Angeles,10019,92648,0.006677677486148444,221.0,3925721.289182328,0.15151152553192118,1245.0,0.0247361547647299,0.23023299062086533,0.3570819046047794,309.01779884013155,0.8605018984935491,0.4012184508268059
New York,Los Angeles,10019,92802,0.21568717738641785,34916.0,3912178.0097416406,0.29807017865571545,578.0,0.04326518108234845,0.54427617779862,0.2230397623902508,321.6830738475371,0.7557214194716281,0.32540437678401524
New York,Los Angeles,10019,90802,0.044233716994471484,42818.0,3938597.724009384,0.12034813055968095,4417.0,0.052640144068119565,0.32367834936113693,0.01120068305593791,308.46069441664685,0.8923392700665722,0.38169257340241797
Miami,Los Angeles,33304,90015,0.19488546885843985,16281.0,3771472.2688186043,0.1931335847586067,6691.0,0.047449962055929884,0.062101307980924614,0.13809857411487558,122.28245990329111,0.7732508994748397,0.40505144995322734
Miami,Los Angeles,33304,90028,0.024724655077619832,16529.0,3777191.3443573965,0.15581068974037088,12875.0,0.0659623986077641,0.02712837281767133,0.13915717788139148,167.09877318520324,0.7814406484720261,0.41379310344827586
Miami,Los Angeles,33304,90036,0.02471982261146697,18525.0,3779183.43261864,0.1896228105178017,20218.0,0.11365411858104013,0.12509775185361927,0.11967853752359658,100.07497189607399,0.816918540756615,0.4017175572519084
Miami,Los Angeles,33304,90045,0.014375979741432348,46600.0,3785099.2356971283,0.2599332303067654,23786.0,0.006576380283701222,0.11152033417716045,0.09891501594404228,148.99328843944616,0.660069945051872,0.38920454545454547
Miami,Los Angeles,33304,90401,0.020943922548291045,21339.0,3792277.6053441158,0.14699834109410886,10641.0,0.06853802517982133,0.20621362274009736,0.13195421781383299,106.2449998823474,0.837206672449845,0.3719165085388994
Miami,Los Angeles,33304,90802,0.040092955655286894,6623.0,3765470.068418667,0.1588678029523917,21293.0,0.1020867970863325,0.09682131193424548,0.1522306026808541,94.18067742376883,0.8209111197815616,0.38104089219330856
Miami,Los Angeles,33304,92648,0.018595260231307933,36416.0,3747430.285859795,0.1638622355631095,26955.0,0.024710498253483038,0.0033759531939738796,0.1936506188679874,101.9803902718557,0.8112601280062003,0.3916279069767442
Miami,Los Angeles,33304,90012,0.14046470441119668,16065.0,3768988.327759633,0.29237202180622524,18897.0,0.13513674275506027,0.1483263698961519,0.1369973492922476,149.29835899968893,0.6536669336234655,0.31129476584022037
Miami,Los Angeles,33304,92626,0.027151988254251153,29423.0,3737754.224355347,0.15206178380046703,32003.0,0.07651013301804244,0.04410994359410647,0.09987882959274752,154.16225218904918,0.8584673402922797,0.42289348171701113
Miami,Los Angeles,33304,92802,0.23702420825909556,1279.0,3739374.352191187,0.2856646749915363,25132.0,0.006181471935864491,0.31741914037172864,0.05960847665345881,149.6996993984958,0.6736379702830106,0.3309053069719043
Miami,Los Angeles,33308,90012,0.23128167190464832,20112.0,3768076.595641207,0.19253423351513355,10202.0,0.03241676549601258,0.18145134685335695,0.3099134629337457,140.14991972883894,0.7134556729630683,0.3028798411122145
Miami,Los Angeles,33308,90015,0.2955396800252288,20328.0,3770564.800897632,0.23442406253426715,2004.0,0.15016993931497757,0.09522628493812968,0.3110146877563737,152.56146302392358,0.6481779597042805,0.3561643835616438
Miami,Los Angeles,33308,90028,0.06678360288445541,20576.0,3776274.531052661,0.1966126388688431,4180.0,0.16868237586681178,0.0602533497748764,0.3120732915228896,162.6653005407115,0.7745074221949986,0.3406698564593301
Miami,Los Angeles,33308,90036,0.03276770231895184,14478.0,3778271.308182402,0.2342024094904878,11523.0,0.21637409584008782,0.0919727748964142,0.2925946511650947,127.22814154109145,0.7211549385562804,0.375
Miami,Los Angeles,33308,90045,0.04623526023271691,42553.0,3784207.3127321373,0.2510814188164669,15091.0,0.10929635754274891,0.07839535721995539,0.2718311295855404,143.92706486272832,0.70027549346875,0.3674089068825911
Miami,Los Angeles,33308,90401,0.005705381006852956,17292.0,3791374.296341008,0.19836020305620788,19336.0,0.17125800243886902,0.1730886457828923,0.3048703314553311,139.32695360195027,0.7059933331261092,0.350253807106599
Miami,Los Angeles,33308,90802,0.10396631455432812,10670.0,3764607.8288879176,0.10500896147262885,12598.0,0.2048067743453802,0.12994628889145055,0.3251467163223522,104.03845442911962,0.8026961843869105,0.36863136863136864
Miami,Los Angeles,33308,92626,0.0494393813836414,25376.0,3736902.856259381,0.19735396222655394,23308.0,0.17923011027709013,0.07723492055131154,0.0730372840487506,193.04403642692515,0.6647416428824776,0.35766423357664234
Miami,Los Angeles,33308,92802,0.3319911790277705,2768.0,3738502.5706572128,0.301567143864646,16437.0,0.10890144919491218,0.3505441173289337,0.1133076369880393,149.84658821608184,0.6861297525664479,0.3126410835214447
Miami,Los Angeles,33308,92648,0.010887821330275826,32369.0,3746579.171911593,0.12770412660403738,18260.0,0.12743047551253073,0.036500930151178945,0.020734505226489286,106.68645649753299,0.8053870364368289,0.3786213786213786
Miami,Los Angeles,33172,90045,0.3692357744152525,62203.0,3779160.888517447,0.22500741015191042,2887.0,0.022742751991780663,0.3045378283655232,0.280424521221487,217.37295139920238,0.5335453977636769,0.3919642857142857
Miami,Los Angeles,33172,90401,0.5898340248997213,36942.0,3786437.165631473,0.2516953169958073,31540.0,0.03921889290433944,0.3992311169284601,0.3134637230912777,150.28639326299637,0.7886136291689003,0.3781362007168459
Miami,Los Angeles,33172,90802,0.2220749960806426,8980.0,3759276.8454626766,0.3074217479206699,394.0,0.07276766481085062,0.09619618225411725,0.3337401079582988,188.52586029507995,0.6373533944980724,0.33728813559322035
Miami,Los Angeles,33172,92626,0.3078215009118289,45026.0,3731469.5013296776,0.1676100060494002,11104.0,0.04719100074256055,0.14890755059425625,0.08163067568469717,134.73678042761748,0.8577597982312425,0.4290053151100987
Miami,Los Angeles,33172,92648,0.4674658140039629,52019.0,3741142.546394363,0.3034958762823312,6056.0,0.0046086340219988475,0.18964154099438885,0.012141113590542707,185.7686733547936,0.6526724440451537,0.40406719717064543
Miami,Los Angeles,33172,92802,0.03785649255675966,16882.0,3733265.7553270776,0.4528286713483589,4233.0,0.023137660339617394,0.12440164618336591,0.12190102862398589,234.0726382984564,0.4639592557875482,0.2995260663507109
Miami,Los Angeles,33172,90012,0.2615743032860907,462.0,3763222.7445354275,0.4266139810848442,2002.0,0.16445587503054215,0.04469112429221084,0.3185068545696923,229.67803551928947,0.4744122894098094,0.2848689771766695
Miami,Los Angeles,33172,90015,0.0804521023296675,678.0,3765669.5617183945,0.2665483011073416,14208.0,0.018130829780448,0.1309161862074381,0.3196080793923203,163.55121522018723,0.7443839229800696,0.3741379310344828
Miami,Los Angeles,33172,90028,0.27678757437338225,926.0,3771469.0716406675,0.3639502872940619,8024.0,0.03664326633228221,0.1658891213706914,0.3206666831588362,225.42404485768594,0.5896909598254524,0.36936170212765956
Miami,Los Angeles,33172,90036,0.47019707344902245,34128.0,3773420.3911035876,0.3458806799134205,681.0,0.08433498630555825,0.318115246041982,0.3011880428010413,164.43539764904637,0.7404574868969002,0.37050043898156276
New York,Miami,11201,33131,0.1433162818622139,41111.0,1752466.0661148923,0.23129544611245612,45962.0,0.10621299802264883,0.013043641844935339,0.3127727795827595,172.76284322735603,0.8389421914586931,0.3787610619469027
New York,Miami,11201,33139,0.10319375940163349,91734.0,1750005.407077405,0.2175973276902314,34845.0,0.05591820750956955,0.19886822750643895,0.29207100363880323,309.8241436686302,0.8190738460466187,0.42709984152139463
New York,Miami,11201,33172,0.46597121737381964,94542.0,1755783.3532846686,0.29013640796483997,29786.0,0.05028386591284417,0.4195394148918969,0.44254456583218504,221.98873845310263,0.6763326805834404,0.36542835481425323
New York,Miami,11201,33304,0.010228374318903782,78939.0,1710747.178750096,0.1997066155272778,50685.0,0.07960299818832606,0.22652192070353416,0.26103506055474035,198.09341230843594,0.8096659477658246,0.3916938110749186
New York,Miami,11201,33308,0.03010482666599901,74892.0,1705329.1400480992,0.11620956736904237,41990.0,0.18232297544737375,0.1933969437463291,0.43395117419623846,196.9746176541536,0.7733234710585901,0.3840139009556907
New York,Miami,11201,33316,0.01609977437082624,65309.0,1715004.3747272794,0.16444915792046494,57212.0,0.10651238701936105,0.1933771320248504,0.3931929114816384,206.0218435020908,0.7770375157984923,0.372402327514547
New York,Miami,11201,33323,0.034546944117696196,47804.0,1715923.0155045437,0.4231823027596972,46168.0,0.021275568609265494,0.2255418890305605,0.31900766902501154,254.73319375377838,0.5550237156857156,0.3436123348017621
New York,Miami,11201,33401,0.047568885000566094,98728.0,1648518.1954820885,0.16899917448206692,37287.0,0.10065093477356768,0.3253225094918568,0.2343531984456173,160.96272860510285,0.8487593019257667,0.4612903225806452
New York,Miami,11201,33411,0.017771925670464865,71092.0,1652913.5943781738,0.1941845482325254,6048.0,0.09981593685697487,0.3218654952437362,0.37709455363170274,222.68363208821614,0.6681263168574119,0.36826347305389223
New York,Miami,11201,33142,0.30920316198824555,117367.0,1750325.3723734457,0.2572773388362646,12814.0,0.16230179786820542,0.614277736639181,0.27353728811714495,255.57386407846948,0.5182182596173116,0.26515151515151514
New York,Los Angeles,11201,90015,0.19642777230634484,95220.0,3930275.289854688,0.19113366545041197,43994.0,0.03215303613239617,0.2886232286844588,0.12293648643986477,186.33840183923442,0.7871625185759462,0.40310077519379844
New York,Los Angeles,11201,90028,0.024674028149780185,95468.0,3932590.7463729773,0.22815577835652123,37810.0,0.013640599580561963,0.2536502935212055,0.12187788267334887,155.8492861709671,0.8492919310660917,0.3838383838383838
New York,Los Angeles,11201,90045,0.00611481547694566,32339.0,3947308.1764967823,0.22279229014746002,26899.0,0.07302661790462484,0.11500158652637371,0.16212004461069807,206.34437234875102,0.7166221809348258,0.3970201577563541
New York,Los Angeles,11201,90401,0.017703877911636016,57600.0,3950327.619387551,0.1928059672206231,61326.0,0.01106497300850473,0.020308297963436805,0.12908084274090736,161.21724473517094,0.8650485487293544,0.4120287253141831
New York,Los Angeles,11201,90802,0.04826572409103509,85562.0,3938597.897197214,0.11472883957105105,29392.0,0.022483798898006446,0.32334323263777964,0.10880445787388626,168.53189609091805,0.8837277903992843,0.3917169974115617
New York,Los Angeles,11201,92626,0.021834900163322853,49516.0,3916889.5540839564,0.1720834489352769,18682.0,0.0030928651702836207,0.27063186429764063,0.36091389014748787,172.69916039170545,0.8133366649668967,0.4105960264900662
New York,Los Angeles,11201,92648,0.010984237902236793,42523.0,3925691.2520647664,0.1805556099458557,23730.0,0.05489249993484302,0.22989787389750804,0.45468567942272775,181.2374133560728,0.8226517306387997,0.3871794871794872
New York,Los Angeles,11201,92802,0.2516240390835623,77660.0,3912167.4440927207,0.3647882530453799,25553.0,0.07342152625246157,0.5439410610752629,0.32064353720819916,220.4744883200775,0.6652280001121768,0.30064754856614245
New York,Los Angeles,11201,90012,0.1094388179264241,95004.0,3926735.7063541184,0.18765595527432596,31788.0,0.21473974094338633,0.37484829059968605,0.12403771126249274,187.91221354664523,0.7796459023163519,0.34167385677308026
New York,Los Angeles,11201,90036,0.004726024266503821,60414.0,3935817.422219723,0.22855226046532545,30467.0,0.034051120392714074,0.1014241688499149,0.14135652303114377,165.9276950963883,0.8757515043500643,0.4098939929328622
